,PH,Solids,Turbidity,Potability
0,0.4,3690,2.19,0
1,0.6,1648,3.33,0
2,5.8,1836,2.63,0
3,2.4,2735,3.59,0
4,1.9,4427,3.04,0
5,4.7,1717,1.55,0
6,6.1,2029,4.03,0
7,1.1,2687,0.17,0
8,1.8,3127,1.67,0
9,1.0,3509,1.4,0
10,5.4,2423,3.13,0
11,0.0,1554,1.81,0
12,3.8,2642,2.07,0
13,3.8,2263,4.04,0
14,0.3,4893,3.04,0
15,1.1,2044,3.27,0
16,5.2,1883,0.83,0
17,6.1,2624,1.45,0
18,3.7,217,2.55,0
19,3.4,207,2.33,0
20,3.2,3954,2.46,0
21,4.0,2047,2.16,0
22,4.2,3978,3.14,0
23,0.5,985,1.87,0
24,5.9,243,3.83,0
25,5.3,3445,1.57,0
26,3.7,3280,1.32,0
27,3.8,1081,0.41,0
28,4.4,4070,4.13,0
29,2.9,1321,2.72,0
30,5.3,1271,3.65,0
31,1.8,2724,1.49,0
32,3.9,1161,3.52,0
33,4.4,3282,1.41,0
34,1.4,4342,1.81,0
35,1.6,4967,3.57,0
36,4.6,3456,0.97,0
37,3.9,3451,3.52,0
38,0.6,1355,4.14,0
39,0.0,1467,3.38,0
40,3.1,3741,1.49,0
41,4.6,4188,2.18,0
42,4.2,867,1.93,0
43,0.4,4582,1.31,0
44,4.1,4719,3.61,0
45,2.0,4284,1.46,0
46,5.8,1074,1.86,0
47,6.6,868,0.36,0
48,5.9,3104,3.54,0
49,3.0,1773,2.82,0
50,2.2,3963,0.27,0
51,0.4,1890,1.3,0
52,5.5,4684,1.78,0
53,5.6,3540,1.22,0
54,1.2,1846,2.94,0
55,4.6,3962,1.79,0
56,4.4,838,1.42,0
57,5.5,2883,0.97,0
58,5.2,676,3.72,0
59,3.7,4652,3.44,0
60,6.4,2994,3.44,0
61,0.4,834,0.98,0
62,3.9,1102,3.12,0
63,3.0,2424,3.43,0
64,3.0,3591,4.03,0
65,2.2,4265,3.87,0
66,1.6,992,1.76,0
67,6.1,4483,3.95,0
68,3.2,312,3.14,0
69,4.6,4644,1.7,0
70,3.8,3453,2.24,0
71,4.9,3508,1.74,0
72,0.7,4143,2.51,0
73,0.6,4752,0.49,0
74,2.9,260,0.89,0
75,3.8,4149,1.74,0
76,1.4,2989,0.39,0
77,1.3,1041,4.18,0
78,1.6,3634,0.6,0
79,5.0,4068,1.26,0
80,4.3,2745,2.27,0
81,5.7,1807,3.0,0
82,2.4,4686,1.53,0
83,2.6,4253,3.25,0
84,1.8,3406,0.59,0
85,6.2,2277,0.15,0
86,3.1,4450,1.72,0
87,0.8,3923,3.92,0
88,3.8,4715,3.42,0
89,1.1,2162,3.2,0
90,1.5,4695,2.06,0
91,3.4,2086,2.74,0
92,2.2,4249,3.82,0
93,2.4,917,3.31,0
94,0.7,3726,1.18,0
95,2.9,326,1.17,0
96,3.4,4181,3.55,0
97,5.5,4269,3.9,0
98,1.2,1920,0.28,0
99,1.9,4861,1.22,0
100,5.2,1512,3.93,0
101,6.2,2708,1.16,0
102,2.4,877,0.43,0
103,2.2,3282,3.76,0
104,3.7,2470,0.29,0
105,5.1,4482,1.79,0
106,4.8,3859,2.52,0
107,0.2,409,2.88,0
108,2.2,1319,0.2,0
109,2.3,4715,1.68,0
110,6.6,1787,2.09,0
111,2.0,2659,1.21,0
112,6.0,1927,3.68,0
113,2.4,522,3.53,0
114,1.5,378,0.2,0
115,2.2,1516,0.94,0
116,4.3,630,3.25,0
117,1.1,1125,2.66,0
118,6.2,4597,0.86,0
119,5.7,1035,2.62,0
120,5.5,3026,2.89,0
121,1.2,1456,3.77,0
122,3.4,4034,0.46,0
123,5.5,3125,3.6,0
124,1.8,2012,4.14,0
125,1.4,2717,3.15,0
126,2.5,1911,0.22,0
127,5.5,3299,3.08,0
128,2.9,245,1.67,0
129,4.6,286,2.98,0
130,1.6,551,0.34,0
131,5.4,2062,3.68,0
132,0.5,369,3.44,0
133,3.7,2742,2.62,0
134,2.1,286,0.87,0
135,3.1,4451,2.47,0
136,3.8,950,1.16,0
137,3.4,1833,0.62,0
138,5.4,2245,2.61,0
139,2.3,740,1.55,0
140,5.6,4938,3.29,0
141,0.1,3160,2.28,0
142,6.5,3622,2.59,0
143,5.4,3482,3.57,0
144,0.0,2724,2.92,0
145,3.5,4328,2.32,0
146,5.4,3515,1.98,0
147,0.1,3662,1.76,0
148,1.2,3658,2.28,0
149,4.3,2668,1.55,0
150,1.9,807,3.96,0
151,4.2,4825,0.7,0
152,0.0,1011,3.43,0
153,4.6,4393,0.17,0
154,6.0,1183,3.41,0
155,5.7,3684,3.22,0
156,4.4,3753,3.29,0
157,6.0,2295,3.41,0
158,4.8,2103,4.14,0
159,5.0,4769,0.47,0
160,5.6,3484,0.74,0
161,1.1,1327,1.53,0
162,2.4,317,3.59,0
163,5.5,4195,2.44,0
164,0.0,3194,2.63,0
165,3.9,1390,1.52,0
166,0.1,1560,1.27,0
167,1.5,1918,0.55,0
168,0.4,917,3.06,0
169,1.1,2894,3.97,0
170,6.1,457,4.09,0
171,4.9,3918,1.69,0
172,4.3,4017,0.3,0
173,4.0,367,2.88,0
174,3.7,3103,0.47,0
175,3.8,3919,3.19,0
176,5.5,4582,2.96,0
177,1.2,2652,3.0,0
178,4.7,504,1.87,0
179,4.5,1078,4.03,0
180,3.7,709,0.51,0
181,5.9,3657,2.88,0
182,4.0,1697,2.54,0
183,2.7,2839,1.65,0
184,5.0,3915,2.17,0
185,4.6,2489,3.58,0
186,5.3,3577,2.43,0
187,0.7,885,1.62,0
188,3.6,4549,1.36,0
189,0.5,2220,1.77,0
190,4.4,3242,4.03,0
191,1.4,3348,2.61,0
192,0.3,4062,3.13,0
193,5.6,2470,3.7,0
194,1.1,4890,0.64,0
195,2.4,2418,2.14,0
196,1.4,4156,1.49,0
197,4.6,438,0.26,0
198,0.9,2937,0.97,0
199,1.9,1505,0.62,0
200,2.0,3325,3.08,0
201,3.3,2442,1.76,0
202,0.6,2377,1.77,0
203,2.5,1371,2.28,0
204,3.6,173,2.61,0
205,2.3,2153,3.81,0
206,2.7,2433,1.49,0
207,5.6,3838,0.27,0
208,4.0,4045,0.72,0
209,4.6,421,2.88,0
210,4.4,1479,1.17,0
211,5.7,979,0.01,0
212,0.1,2428,1.71,0
213,4.6,2147,2.61,0
214,3.1,3762,3.41,0
215,4.4,3308,3.14,0
216,1.9,2798,2.9,0
217,1.0,3706,3.77,0
218,6.4,3597,4.0,0
219,2.1,4135,3.44,0
220,5.5,2624,0.31,0
221,1.3,2313,2.68,0
222,4.9,3526,0.73,0
223,3.3,3367,2.02,0
224,0.8,1906,2.73,0
225,5.1,2311,0.34,0
226,2.0,1366,2.33,0
227,4.5,2692,2.34,0
228,0.2,2047,3.15,0
229,0.0,389,1.76,0
230,4.0,341,2.36,0
231,3.3,2904,2.41,0
232,0.7,1144,3.56,0
233,6.3,3328,3.71,0
234,0.1,1649,0.92,0
235,2.6,1690,1.9,0
236,3.4,1068,2.75,0
237,0.7,1275,2.46,0
238,0.5,2583,2.72,0
239,0.9,4769,1.15,0
240,4.6,2004,1.7,0
241,5.4,2655,1.22,0
242,1.1,3673,2.08,0
243,5.0,4802,2.79,0
244,0.5,2629,2.7,0
245,3.8,2048,2.55,0
246,2.3,1484,1.53,0
247,2.1,2839,0.64,0
248,3.3,4633,2.68,0
249,2.2,1269,1.17,0
250,2.1,4582,0.48,0
251,1.5,2419,0.48,0
252,2.3,3048,0.74,0
253,3.7,591,3.08,0
254,4.1,1444,3.7,0
255,5.0,961,1.03,0
256,0.5,867,0.49,0
257,0.9,4276,2.11,0
258,5.1,2915,1.26,0
259,4.9,2223,1.47,0
260,3.9,3258,2.17,0
261,3.6,3891,0.05,0
262,5.4,1925,1.82,0
263,6.0,3401,3.67,0
264,2.8,2079,1.8,0
265,2.7,732,2.86,0
266,4.6,3962,3.25,0
267,1.6,1858,1.08,0
268,6.2,4638,1.51,0
269,4.9,2262,4.04,0
270,3.2,3781,0.46,0
271,0.2,3524,2.78,0
272,1.1,1305,1.16,0
273,2.8,2783,0.99,0
274,3.0,2383,1.88,0
275,4.6,883,1.84,0
276,5.6,1940,3.71,0
277,3.7,3952,1.21,0
278,0.4,4621,1.31,0
279,1.6,4673,0.36,0
280,5.4,1959,1.68,0
281,3.5,1782,3.81,0
282,1.0,2015,1.93,0
283,6.3,4464,3.06,0
284,5.2,1879,1.37,0
285,5.5,2167,2.63,0
286,2.3,3121,0.8,0
287,4.9,4129,2.69,0
288,5.4,280,4.11,0
289,3.2,4793,0.6,0
290,3.0,726,0.24,0
291,3.2,2605,2.74,0
292,0.4,4490,3.68,0
293,2.5,4089,2.14,0
294,1.5,2388,3.65,0
295,4.5,764,3.0,0
296,6.4,3696,0.85,0
297,3.5,4729,4.13,0
298,6.4,1748,1.59,0
299,0.9,449,3.02,0
300,0.2,4290,0.68,0
301,2.1,4189,2.28,0
302,1.9,4770,1.98,0
303,5.4,4313,2.89,0
304,3.9,1285,1.7,0
305,3.0,1136,1.19,0
306,4.6,2240,1.71,0
307,0.0,1305,0.27,0
308,3.6,259,2.16,0
309,0.5,3648,1.18,0
310,1.2,1660,2.36,0
311,5.1,1643,1.89,0
312,3.7,4362,0.22,0
313,2.5,4228,2.63,0
314,6.3,3718,0.14,0
315,6.2,4823,1.89,0
316,2.6,2098,2.36,0
317,0.1,3040,4.18,0
318,1.3,222,2.06,0
319,4.6,2690,1.02,0
320,4.1,620,1.47,0
321,6.5,3275,3.23,0
322,1.2,2810,0.54,0
323,5.4,4007,3.78,0
324,4.5,1459,2.34,0
325,4.8,3406,0.8,0
326,3.8,3394,0.22,0
327,6.4,4060,1.68,0
328,1.8,552,3.89,0
329,0.7,4180,1.78,0
330,3.5,930,0.81,0
331,1.7,1227,4.18,0
332,0.1,4084,0.53,0
333,4.4,4529,1.31,0
334,2.9,4784,1.3,0
335,5.1,4237,3.15,0
336,2.4,524,3.04,0
337,0.1,4341,2.22,0
338,0.0,4169,3.49,0
339,2.9,3646,2.89,0
340,2.8,2826,1.51,0
341,5.4,1224,1.14,0
342,2.3,2283,0.04,0
343,2.3,1282,1.38,0
344,0.2,4374,3.03,0
345,6.6,3341,0.63,0
346,0.7,620,4.08,0
347,6.6,3800,0.33,0
348,2.3,3988,1.71,0
349,2.9,610,2.95,0
350,0.0,2245,2.66,0
351,1.7,2756,3.07,0
352,5.1,3652,1.05,0
353,5.0,1633,1.74,0
354,1.3,4335,2.91,0
355,3.0,4775,1.25,0
356,3.2,4428,0.58,0
357,0.3,4320,4.06,0
358,1.5,2990,1.54,0
359,5.8,2282,3.92,0
360,0.2,3557,0.88,0
361,5.4,789,2.11,0
362,5.7,191,1.18,0
363,5.1,2745,3.4,0
364,1.5,492,1.05,0
365,1.7,2791,2.35,0
366,0.9,1260,0.75,0
367,3.2,2790,1.44,0
368,2.8,3077,2.01,0
369,4.5,480,1.58,0
370,2.3,1366,3.73,0
371,2.5,4793,1.7,0
372,1.8,2021,3.5,0
373,5.9,3022,0.92,0
374,0.5,1446,0.54,0
375,4.9,3466,2.35,0
376,4.7,2309,2.57,0
377,2.2,3935,3.03,0
378,0.0,1917,0.05,0
379,5.5,4022,3.39,0
380,3.3,1529,2.5,0
381,1.5,4901,3.46,0
382,4.7,3631,1.26,0
383,0.6,4724,2.13,0
384,0.4,4721,2.79,0
385,0.9,2129,3.52,0
386,5.6,3314,2.93,0
387,3.6,1242,0.71,0
388,4.7,4361,3.82,0
389,0.3,3984,0.07,0
390,4.0,1239,1.83,0
391,3.0,1874,3.99,0
392,3.2,2615,0.99,0
393,4.6,1087,1.14,0
394,3.2,4733,0.54,0
395,2.3,445,1.16,0
396,4.3,3572,1.94,0
397,6.4,3491,1.43,0
398,6.0,1683,2.68,0
399,6.5,3013,0.66,0
400,3.8,2324,1.73,0
401,0.8,3891,3.39,0
402,0.9,2201,1.25,0
403,0.7,1021,2.98,0
404,5.9,3417,2.82,0
405,5.1,4148,0.07,0
406,4.2,2987,4.19,0
407,5.6,248,1.09,0
408,0.9,2983,1.94,0
409,4.1,2636,4.16,0
410,3.8,1954,2.96,0
411,5.6,2223,2.09,0
412,3.2,3625,2.94,0
413,5.5,1370,0.85,0
414,1.5,3089,3.7,0
415,5.3,3419,1.03,0
416,5.1,631,2.78,0
417,0.9,4216,0.69,0
418,3.7,2182,2.88,0
419,2.5,4260,2.43,0
420,5.2,469,2.61,0
421,3.7,2314,1.09,0
422,5.6,1843,0.88,0
423,0.3,3294,2.92,0
424,1.8,4475,0.51,0
425,6.5,4346,1.13,0
426,1.1,2253,2.41,0
427,2.5,1554,1.25,0
428,1.8,3709,0.91,0
429,6.6,4221,3.51,0
430,0.3,3339,3.47,0
431,2.5,1176,2.29,0
432,1.4,1430,1.23,0
433,3.9,1893,0.71,0
434,6.5,2966,3.45,0
435,6.2,3003,2.39,0
436,4.0,2866,0.46,0
437,1.2,4492,2.27,0
438,1.9,4788,1.14,0
439,2.5,1381,3.84,0
440,0.0,3148,1.4,0
441,6.4,4399,3.15,0
442,3.2,4590,2.58,0
443,3.7,3695,2.28,0
444,2.6,4835,2.91,0
445,0.1,4368,0.76,0
446,3.9,1477,1.01,0
447,1.8,744,3.82,0
448,2.0,1438,0.95,0
449,5.5,4727,1.33,0
450,0.9,3694,3.11,0
451,1.9,3687,1.55,0
452,3.8,3963,2.81,0
453,5.2,1983,0.12,0
454,1.6,2008,0.36,0
455,1.6,340,1.67,0
456,5.0,2588,2.93,0
457,5.9,3731,3.1,0
458,1.4,2182,3.6,0
459,5.2,4711,1.99,0
460,1.1,3137,3.81,0
461,0.3,1911,2.8,0
462,1.0,2505,2.41,0
463,5.3,510,1.82,0
464,4.7,3550,1.66,0
465,1.8,1378,1.53,0
466,0.0,3779,4.05,0
467,3.3,2841,3.64,0
468,2.6,3127,0.26,0
469,5.9,4189,1.04,0
470,5.9,3438,3.24,0
471,2.0,841,3.81,0
472,5.5,4478,2.19,0
473,4.0,1028,2.09,0
474,3.1,2927,0.19,0
475,5.5,3368,3.48,0
476,0.0,481,3.63,0
477,5.9,1144,0.16,0
478,4.5,534,0.06,0
479,5.1,817,1.71,0
480,3.8,2763,3.23,0
481,6.6,4002,3.21,0
482,5.9,3019,1.07,0
483,4.4,4734,3.49,0
484,5.6,1665,1.66,0
485,4.7,3973,0.6,0
486,3.8,4698,1.9,0
487,1.2,4932,2.11,0
488,5.3,3493,0.16,0
489,3.9,666,3.27,0
490,4.7,2671,3.04,0
491,1.9,728,0.65,0
492,3.9,2971,0.41,0
493,0.5,2870,3.77,0
494,5.7,1399,0.23,0
495,6.6,3772,2.99,0
496,6.5,2536,2.46,0
497,0.1,4112,2.04,0
498,5.1,671,1.0,0
499,1.6,1868,2.71,0
500,5.2,3685,3.26,0
501,2.0,1568,1.63,0
502,5.0,3548,0.58,0
503,2.9,990,1.95,0
504,6.3,902,3.73,0
505,2.2,3271,1.37,0
506,1.2,721,2.6,0
507,3.4,1541,0.18,0
508,0.4,2799,2.97,0
509,1.9,2357,2.63,0
510,5.0,2096,4.16,0
511,4.1,4378,0.38,0
512,5.9,1093,0.84,0
513,1.1,4845,0.16,0
514,5.9,4543,1.67,0
515,6.2,2008,0.66,0
516,3.2,3509,1.27,0
517,4.2,3135,3.33,0
518,3.8,2882,2.68,0
519,1.9,1444,3.2,0
520,0.8,2440,0.64,0
521,1.1,1768,3.05,0
522,1.8,4133,1.69,0
523,0.3,4068,0.89,0
524,0.6,1422,2.94,0
525,0.3,3293,1.85,0
526,5.0,1523,2.46,0
527,6.1,3498,3.87,0
528,3.6,2162,2.71,0
529,5.6,2663,0.33,0
530,2.6,3662,1.52,0
531,5.3,902,3.96,0
532,5.9,2327,0.36,0
533,0.1,3129,0.16,0
534,1.0,501,2.08,0
535,6.0,505,2.83,0
536,2.8,2530,2.16,0
537,3.3,1161,0.35,0
538,4.3,1432,2.3,0
539,4.8,1345,2.83,0
540,3.8,4524,1.6,0
541,4.2,1984,1.29,0
542,6.5,3971,3.5,0
543,5.4,3961,3.5,0
544,2.3,3398,2.72,0
545,5.4,4702,0.32,0
546,1.9,3026,1.64,0
547,4.3,3598,3.13,0
548,5.4,2014,2.56,0
549,6.5,1132,1.86,0
550,3.8,4976,1.7,0
551,5.5,789,0.88,0
552,3.8,4439,2.17,0
553,4.6,1902,4.17,0
554,4.1,536,3.97,0
555,3.9,3856,3.01,0
556,4.5,4626,1.02,0
557,5.1,3160,2.63,0
558,0.6,4519,3.78,0
559,3.0,2917,0.2,0
560,1.3,386,3.22,0
561,2.8,2635,3.0,0
562,2.3,3292,3.16,0
563,0.2,372,2.29,0
564,4.4,920,0.19,0
565,5.2,1462,1.19,0
566,0.2,4138,3.17,0
567,0.9,2679,0.68,0
568,4.5,4029,1.24,0
569,1.9,2056,1.78,0
570,4.3,3975,0.43,0
571,5.6,2989,0.58,0
572,1.7,4840,1.79,0
573,4.2,3654,0.71,0
574,4.0,3752,0.79,0
575,5.7,4810,3.03,0
576,5.6,793,1.61,0
577,2.3,4088,1.3,0
578,5.5,1221,2.7,0
579,5.2,1302,2.31,0
580,1.3,3687,1.19,0
581,3.5,2437,0.92,0
582,1.1,3951,2.02,0
583,0.3,209,0.33,0
584,3.9,2596,3.88,0
585,1.0,1723,0.95,0
586,3.6,3616,2.54,0
587,3.4,1186,4.12,0
588,4.9,1141,2.42,0
589,5.2,1967,2.76,0
590,3.4,317,0.32,0
591,1.0,4637,3.28,0
592,4.1,4361,1.91,0
593,4.9,2142,2.22,0
594,3.5,1616,2.82,0
595,4.6,956,1.78,0
596,0.1,3205,1.82,0
597,0.0,241,1.79,0
598,0.0,1216,0.9,0
599,3.9,2940,1.46,0
600,5.7,4905,1.73,0
601,4.1,989,0.75,0
602,1.1,1981,1.69,0
603,5.3,4448,1.95,0
604,5.5,1903,3.05,0
605,4.6,174,3.22,0
606,6.0,3618,1.37,0
607,5.5,490,0.0,0
608,1.6,3432,1.21,0
609,1.3,4107,2.44,0
610,0.2,4327,0.23,0
611,0.5,1767,0.38,0
612,0.0,4591,1.47,0
613,0.9,2559,2.03,0
614,4.6,3924,2.89,0
615,3.9,234,3.86,0
616,2.4,3740,0.16,0
617,5.7,1377,0.52,0
618,3.2,4809,0.64,0
619,4.6,2966,2.97,0
620,0.9,1293,1.24,0
621,3.7,4920,4.08,0
622,5.0,4925,2.45,0
623,4.3,340,3.71,0
624,0.5,4623,0.21,0
625,2.0,4855,2.54,0
626,0.0,2788,3.04,0
627,1.7,2567,2.0,0
628,6.4,925,1.02,0
629,0.9,1039,1.61,0
630,5.9,500,1.99,0
631,5.1,1786,3.81,0
632,6.1,296,4.04,0
633,3.4,190,1.65,0
634,5.7,2229,2.46,0
635,2.6,1627,3.63,0
636,2.2,3599,0.49,0
637,2.3,3168,4.03,0
638,0.6,3117,4.19,0
639,2.2,2599,2.48,0
640,1.1,4136,0.51,0
641,2.8,3617,3.77,0
642,5.7,3229,1.01,0
643,4.2,1654,0.02,0
644,3.1,1203,0.45,0
645,4.6,824,3.38,0
646,0.0,2527,0.15,0
647,1.4,2121,2.1,0
648,0.7,473,1.35,0
649,1.7,913,2.96,0
650,2.8,3860,1.67,0
651,2.4,914,0.67,0
652,6.6,3575,1.66,0
653,4.6,4741,3.51,0
654,1.7,4741,4.12,0
655,0.7,3492,2.21,0
656,0.3,1406,0.85,0
657,2.9,228,0.59,0
658,1.7,1940,2.6,0
659,5.7,3504,2.39,0
660,5.4,4955,3.11,0
661,6.3,3875,2.91,0
662,2.9,4874,3.71,0
663,0.2,2763,2.96,0
664,3.8,1592,2.34,0
665,4.7,4146,3.1,0
666,6.2,2210,4.09,0
667,4.9,1003,2.58,0
668,4.6,2799,2.41,0
669,3.4,878,3.45,0
670,6.5,2385,2.8,0
671,4.1,3926,2.23,0
672,5.5,328,3.24,0
673,1.6,3297,0.83,0
674,2.0,2450,3.55,0
675,4.4,382,1.96,0
676,4.4,4493,2.53,0
677,5.5,2971,0.77,0
678,2.5,4167,2.95,0
679,0.5,2772,1.93,0
680,0.9,1101,4.17,0
681,2.1,2332,1.22,0
682,5.3,949,0.31,0
683,3.2,2309,3.08,0
684,2.7,313,1.11,0
685,0.8,4529,3.28,0
686,4.3,2871,1.47,0
687,5.9,443,1.79,0
688,1.3,1516,2.05,0
689,4.8,1598,1.7,0
690,0.5,4153,2.05,0
691,2.5,1040,0.91,0
692,1.5,643,4.02,0
693,1.1,2339,1.14,0
694,1.7,4359,1.67,0
695,1.6,2257,3.65,0
696,2.0,1349,3.36,0
697,4.2,1912,0.35,0
698,0.4,2403,3.2,0
699,2.5,3981,3.4,0
700,0.3,3754,3.79,0
701,1.2,423,0.05,0
702,2.4,990,2.54,0
703,1.9,1725,0.87,0
704,6.0,4134,0.94,0
705,2.6,3699,2.8,0
706,2.2,4359,4.19,0
707,4.8,573,3.94,0
708,0.0,4300,4.17,0
709,0.8,4651,0.37,0
710,5.5,3944,1.04,0
711,5.8,646,1.1,0
712,2.4,2495,2.81,0
713,6.1,4029,3.89,0
714,1.5,1545,0.72,0
715,3.8,3038,0.23,0
716,3.5,2187,3.8,0
717,1.6,1579,0.26,0
718,4.5,3968,0.55,0
719,1.8,480,2.23,0
720,2.7,4125,3.07,0
721,1.4,1869,3.88,0
722,3.2,2656,3.18,0
723,0.4,549,3.42,0
724,2.8,2199,0.6,0
725,0.8,4527,3.34,0
726,5.5,1785,4.11,0
727,4.6,1442,0.91,0
728,0.5,1648,1.92,0
729,2.2,4975,0.27,0
730,2.6,3349,2.83,0
731,0.8,4377,3.2,0
732,3.9,1382,0.58,0
733,6.0,4469,4.19,0
734,1.6,2708,0.49,0
735,1.9,2807,0.23,0
736,4.5,1081,2.88,0
737,6.5,4249,1.64,0
738,6.1,1257,1.52,0
739,0.4,1157,2.86,0
740,2.6,4211,3.49,0
741,4.0,2730,0.79,0
742,3.5,3437,2.23,0
743,0.4,1812,1.66,0
744,1.8,1483,3.25,0
745,0.6,1980,0.04,0
746,3.6,1674,3.07,0
747,3.3,448,4.09,0
748,2.2,750,3.67,0
749,6.2,889,2.1,0
750,3.3,2110,1.13,0
751,1.3,3763,2.62,0
752,4.5,1781,0.24,0
753,4.2,3505,1.56,0
754,2.5,700,3.91,0
755,1.1,874,0.22,0
756,2.5,4363,0.34,0
757,0.1,2805,3.19,0
758,3.0,3086,1.01,0
759,2.3,2181,0.54,0
760,1.4,1474,2.0,0
761,5.3,632,1.85,0
762,6.6,3005,3.54,0
763,6.4,4639,0.94,0
764,1.4,936,2.19,0
765,1.4,1230,0.56,0
766,4.3,1574,2.24,0
767,4.9,4933,3.93,0
768,6.5,4905,4.0,0
769,3.3,174,3.92,0
770,1.3,1798,2.59,0
771,2.9,1006,0.96,0
772,0.3,2968,0.57,0
773,6.3,4042,2.56,0
774,0.8,682,3.71,0
775,5.7,1610,0.73,0
776,0.6,4545,3.56,0
777,0.7,2037,2.65,0
778,0.2,2111,0.14,0
779,1.4,3551,1.19,0
780,6.2,434,0.88,0
781,2.8,4602,3.38,0
782,1.4,3684,3.82,0
783,2.0,3690,0.9,0
784,0.2,1199,3.08,0
785,0.0,1438,3.61,0
786,3.5,3351,3.22,0
787,0.9,3438,2.02,0
788,3.6,3589,0.21,0
789,3.9,4429,0.58,0
790,0.6,1727,2.53,0
791,6.0,3249,1.87,0
792,4.3,1385,1.82,0
793,4.1,2323,4.19,0
794,5.3,1654,1.93,0
795,3.0,645,0.97,0
796,2.0,2220,2.18,0
797,6.1,2230,1.57,0
798,4.4,424,3.25,0
799,6.4,2933,0.48,0
800,3.7,2409,3.9,0
801,5.8,4728,2.0,0
802,4.9,3813,1.76,0
803,0.1,3918,1.87,0
804,3.1,924,3.38,0
805,3.2,1259,0.59,0
806,3.1,2985,4.09,0
807,0.0,1334,3.41,0
808,6.4,1989,1.31,0
809,3.2,2579,4.07,0
810,1.5,4327,3.81,0
811,1.8,812,2.0,0
812,4.8,1623,1.47,0
813,2.2,396,1.36,0
814,3.0,2946,3.04,0
815,4.1,1139,3.79,0
816,4.3,3477,0.2,0
817,4.5,3010,3.08,0
818,0.7,305,3.02,0
819,0.4,1722,2.77,0
820,3.2,697,2.09,0
821,2.8,1416,2.59,0
822,3.0,3940,2.16,0
823,6.2,1506,2.0,0
824,6.2,3200,3.6,0
825,0.8,3983,1.8,0
826,6.4,3524,2.27,0
827,3.3,3892,0.33,0
828,3.6,3330,2.89,0
829,1.7,2234,4.07,0
830,2.0,4740,0.5,0
831,6.4,4451,0.9,0
832,2.7,917,1.32,0
833,2.2,1737,4.09,0
834,1.3,510,3.02,0
835,4.3,652,1.75,0
836,6.2,2803,0.73,0
837,3.2,3646,2.14,0
838,4.3,3949,2.76,0
839,5.3,4576,1.6,0
840,6.3,1197,0.41,0
841,1.7,3848,2.14,0
842,3.4,594,1.42,0
843,2.1,1636,1.54,0
844,2.6,2943,1.93,0
845,4.5,1670,1.91,0
846,0.4,4449,3.58,0
847,3.7,4164,0.55,0
848,0.3,1945,2.91,0
849,1.5,694,2.82,0
850,0.9,2966,0.87,0
851,0.4,1748,0.63,0
852,6.4,1644,0.43,0
853,3.2,3003,0.28,0
854,3.8,1944,0.17,0
855,2.8,2148,2.4,0
856,3.4,4610,3.76,0
857,0.0,1897,3.49,0
858,4.8,2166,0.67,0
859,6.2,3785,3.67,0
860,4.3,1599,3.26,0
861,1.1,4856,1.78,0
862,2.3,4009,0.5,0
863,3.6,942,0.9,0
864,4.9,210,1.08,0
865,3.7,1145,2.31,0
866,5.4,4250,0.55,0
867,4.9,844,0.72,0
868,5.4,229,2.62,0
869,3.7,2071,3.7,0
870,1.6,607,2.44,0
871,3.0,4062,0.4,0
872,0.9,1811,0.14,0
873,4.8,4903,2.44,0
874,6.3,4481,3.33,0
875,0.5,1360,3.52,0
876,5.4,962,3.72,0
877,6.4,4360,1.6,0
878,4.6,924,0.79,0
879,3.8,4604,1.73,0
880,2.4,1426,1.66,0
881,0.2,242,1.62,0
882,4.2,873,0.79,0
883,0.9,4532,0.8,0
884,0.9,4721,0.54,0
885,5.6,4420,0.06,0
886,1.3,3272,3.09,0
887,4.3,2489,1.46,0
888,4.8,2163,1.75,0
889,3.1,3148,2.65,0
890,6.6,2867,0.87,0
891,5.2,4439,0.56,0
892,6.4,4432,3.82,0
893,2.8,774,1.57,0
894,4.0,4189,2.8,0
895,2.4,2548,1.52,0
896,1.2,1301,1.74,0
897,4.2,2238,3.36,0
898,6.1,2661,2.74,0
899,4.4,2193,0.85,0
900,6.2,1093,0.15,0
901,0.3,1556,3.28,0
902,1.8,4943,1.47,0
903,0.9,2032,0.54,0
904,0.2,2784,0.95,0
905,4.2,919,2.61,0
906,2.8,2185,1.88,0
907,1.8,652,0.32,0
908,5.6,242,1.71,0
909,4.8,643,1.13,0
910,3.2,4999,2.79,0
911,6.3,2051,1.65,0
912,5.4,4416,1.67,0
913,6.5,4030,0.52,0
914,2.4,2791,3.35,0
915,5.4,2522,1.16,0
916,4.6,2683,3.78,0
917,4.1,280,1.29,0
918,1.4,4276,3.22,0
919,5.6,4798,1.25,0
920,1.7,4511,1.59,0
921,2.2,2320,1.12,0
922,1.2,3184,3.19,0
923,2.9,2812,4.08,0
924,1.8,4657,3.53,0
925,4.6,230,3.24,0
926,0.0,2552,3.82,0
927,4.0,2815,0.97,0
928,0.3,391,1.83,0
929,1.5,2507,2.48,0
930,3.3,2975,2.52,0
931,5.1,1613,0.71,0
932,1.6,4340,3.22,0
933,4.2,1196,3.27,0
934,0.6,3234,0.21,0
935,1.4,496,2.28,0
936,3.4,4580,0.57,0
937,6.2,1642,0.86,0
938,2.7,3178,0.41,0
939,5.4,4874,2.24,0
940,1.2,977,0.23,0
941,2.7,729,1.87,0
942,1.0,2250,0.37,0
943,6.5,1910,1.9,0
944,4.9,1939,2.8,0
945,0.0,3021,3.25,0
946,0.3,391,3.21,0
947,5.2,4364,0.88,0
948,6.1,4464,3.1,0
949,6.2,4008,3.99,0
950,0.8,3176,0.07,0
951,1.5,3782,1.98,0
952,4.8,1052,2.94,0
953,6.3,2580,3.55,0
954,3.3,3727,4.13,0
955,2.5,937,0.44,0
956,5.2,3849,3.45,0
957,3.0,2293,2.37,0
958,5.7,2234,1.12,0
959,6.5,3446,2.6,0
960,2.9,3166,3.46,0
961,1.3,260,2.97,0
962,2.9,3788,3.48,0
963,5.1,1614,2.74,0
964,2.4,4165,1.05,0
965,0.3,4132,2.11,0
966,4.4,3037,0.05,0
967,2.8,4152,1.39,0
968,3.3,1426,1.45,0
969,1.1,4090,2.08,0
970,0.0,471,2.42,0
971,1.7,3258,1.39,0
972,5.9,2088,3.6,0
973,0.5,978,0.09,0
974,4.1,4175,1.32,0
975,5.3,2649,0.06,0
976,2.6,4005,1.63,0
977,0.5,3915,2.76,0
978,2.6,3878,2.66,0
979,1.8,4380,1.75,0
980,5.2,2172,2.08,0
981,2.9,4346,2.45,0
982,0.2,1763,1.02,0
983,6.0,929,0.69,0
984,1.7,402,1.02,0
985,0.4,3198,2.35,0
986,3.8,1285,2.26,0
987,5.3,2815,1.68,0
988,6.2,883,3.89,0
989,6.1,1736,0.26,0
990,1.8,2144,3.8,0
991,5.1,2504,3.21,0
992,3.5,1847,4.14,0
993,4.4,1659,3.1,0
994,4.8,2986,3.31,0
995,3.0,1872,1.44,0
996,5.7,1126,2.41,0
997,6.4,3208,0.35,0
998,2.2,523,4.07,0
999,1.8,2129,1.44,0
1000,5.5,4721,0.63,0
1001,4.8,2488,0.01,0
1002,3.0,1340,3.21,0
1003,6.3,3451,3.27,0
1004,4.3,1476,1.62,0
1005,3.6,2280,0.01,0
1006,4.1,397,0.66,0
1007,4.2,3485,2.66,0
1008,1.3,1658,3.51,0
1009,6.3,220,2.31,0
1010,1.0,3719,3.59,0
1011,4.0,4388,0.87,0
1012,4.6,3101,0.0,0
1013,1.4,805,1.25,0
1014,2.2,3155,2.63,0
1015,1.7,2003,0.5,0
1016,3.6,4387,0.63,0
1017,1.9,568,1.81,0
1018,4.3,678,4.07,0
1019,1.5,1853,0.53,0
1020,3.9,4803,1.47,0
1021,1.7,2077,2.54,0
1022,1.7,4049,1.88,0
1023,4.3,1711,0.51,0
1024,0.6,3385,0.39,0
1025,0.6,2883,0.65,0
1026,1.4,1696,0.14,0
1027,2.8,2105,0.31,0
1028,5.9,1065,2.84,0
1029,3.9,2614,4.14,0
1030,2.8,1504,2.21,0
1031,2.0,2983,3.26,0
1032,4.1,902,3.14,0
1033,3.9,3593,1.32,0
1034,0.4,3517,0.81,0
1035,1.3,2353,3.19,0
1036,0.8,4608,1.83,0
1037,1.9,2540,2.0,0
1038,5.5,3986,2.41,0
1039,5.4,3194,2.97,0
1040,4.9,4172,2.44,0
1041,1.7,2923,4.14,0
1042,3.0,3662,1.16,0
1043,5.7,4505,0.71,0
1044,4.0,1067,3.84,0
1045,4.3,3788,3.06,0
1046,2.5,3576,2.78,0
1047,2.9,1070,0.62,0
1048,5.5,1964,0.89,0
1049,0.9,4093,3.54,0
1050,0.1,2987,3.07,0
1051,4.2,2826,0.15,0
1052,5.7,1300,3.38,0
1053,4.6,3135,2.25,0
1054,0.3,1938,2.14,0
1055,0.1,2695,4.02,0
1056,5.0,1097,0.6,0
1057,3.7,3085,2.53,0
1058,1.1,1513,3.17,0
1059,0.9,3324,2.23,0
1060,6.1,3815,0.22,0
1061,0.5,4313,2.58,0
1062,5.9,4074,1.37,0
1063,3.6,4406,3.66,0
1064,1.8,4750,1.1,0
1065,5.9,2676,3.21,0
1066,4.7,1901,3.12,0
1067,3.4,297,2.89,0
1068,2.0,1119,3.46,0
1069,0.3,1901,0.07,0
1070,5.9,3936,2.05,0
1071,4.6,4223,0.81,0
1072,2.1,1133,2.7,0
1073,5.6,980,1.84,0
1074,0.3,4862,1.9,0
1075,2.0,2752,3.66,0
1076,0.3,1929,3.47,0
1077,6.6,1158,4.15,0
1078,5.7,3818,0.45,0
1079,5.1,3450,3.83,0
1080,2.8,2488,3.7,0
1081,0.6,859,0.07,0
1082,1.9,489,3.17,0
1083,1.5,3324,1.98,0
1084,4.4,4174,0.53,0
1085,1.4,318,0.33,0
1086,2.5,3465,3.33,0
1087,2.9,1495,1.45,0
1088,1.9,1096,3.4,0
1089,0.3,3771,3.62,0
1090,5.4,4282,2.31,0
1091,5.9,1260,1.88,0
1092,5.7,2481,4.12,0
1093,4.1,1885,3.87,0
1094,3.5,4244,1.72,0
1095,1.8,1961,3.02,0
1096,3.4,1378,4.06,0
1097,6.4,3765,2.01,0
1098,3.2,2213,3.63,0
1099,3.7,3174,1.86,0
1100,3.3,1201,1.71,0
1101,4.7,3708,3.65,0
1102,1.3,650,4.07,0
1103,5.0,1943,3.53,0
1104,0.6,2177,3.25,0
1105,6.6,2796,3.52,0
1106,2.5,311,3.54,0
1107,3.8,539,3.44,0
1108,3.1,1083,3.67,0
1109,2.8,4332,3.66,0
1110,3.4,1976,0.85,0
1111,4.6,850,2.43,0
1112,1.4,1855,2.16,0
1113,5.9,1903,1.19,0
1114,1.4,2544,2.26,0
1115,4.2,961,0.52,0
1116,1.3,4320,2.14,0
1117,2.9,2909,1.42,0
1118,3.3,2797,0.01,0
1119,2.8,2524,1.02,0
1120,2.2,3264,3.54,0
1121,3.7,3125,3.57,0
1122,5.4,3653,2.75,0
1123,1.8,4228,2.31,0
1124,6.4,4763,2.63,0
1125,1.7,3973,2.61,0
1126,1.6,1925,3.44,0
1127,5.2,2874,1.06,0
1128,1.1,4332,3.95,0
1129,3.6,1940,4.07,0
1130,0.5,1955,3.38,0
1131,2.3,2764,1.55,0
1132,5.6,2215,1.42,0
1133,3.3,4988,2.19,0
1134,2.3,3981,3.47,0
1135,4.5,3148,3.75,0
1136,3.5,4226,3.56,0
1137,3.3,3248,0.66,0
1138,1.2,4463,2.99,0
1139,4.7,1352,0.03,0
1140,4.9,2734,1.16,0
1141,4.1,4416,1.45,0
1142,3.1,4403,3.13,0
1143,2.1,1620,0.84,0
1144,4.8,4791,4.07,0
1145,5.7,3937,2.63,0
1146,4.0,4736,1.53,0
1147,3.1,4601,2.97,0
1148,5.9,4533,3.52,0
1149,6.6,4371,3.37,0
1150,3.6,880,2.96,0
1151,5.5,3976,0.06,0
1152,3.9,298,3.43,0
1153,6.5,4659,3.93,0
1154,4.9,4796,1.32,0
1155,2.7,1697,2.44,0
1156,2.5,2964,0.06,0
1157,3.5,2519,3.73,0
1158,5.0,4054,3.59,0
1159,0.6,370,3.65,0
1160,1.4,4439,1.29,0
1161,5.7,3788,0.09,0
1162,1.0,1499,2.92,0
1163,4.1,559,2.84,0
1164,4.6,659,1.58,0
1165,5.5,3486,3.2,0
1166,6.1,4820,3.68,0
1167,5.0,3887,0.26,0
1168,1.2,519,0.62,0
1169,3.2,4295,3.46,0
1170,5.8,4373,0.33,0
1171,4.8,2270,0.74,0
1172,6.2,4918,2.71,0
1173,5.2,741,2.84,0
1174,4.4,2213,4.09,0
1175,4.6,2601,1.65,0
1176,3.5,453,1.67,0
1177,1.5,3375,3.84,0
1178,2.6,3308,2.11,0
1179,4.0,2441,2.09,0
1180,5.9,2037,2.07,0
1181,4.8,1470,1.03,0
1182,5.4,4491,3.07,0
1183,0.3,2972,1.14,0
1184,1.9,4600,0.99,0
1185,4.8,4204,4.04,0
1186,3.2,2965,0.97,0
1187,6.6,490,0.1,0
1188,5.0,3824,0.73,0
1189,1.4,3473,0.64,0
1190,6.5,784,1.81,0
1191,3.7,1455,1.5,0
1192,2.5,4969,1.19,0
1193,1.5,3954,0.97,0
1194,1.2,1976,0.45,0
1195,4.3,3479,4.06,0
1196,5.0,3355,2.79,0
1197,2.0,2650,3.9,0
1198,6.3,1596,3.42,0
1199,4.9,4705,2.25,0
1200,1.8,1236,2.97,0
1201,6.2,4395,2.59,0
1202,1.4,1790,3.12,0
1203,2.2,3262,3.74,0
1204,0.3,3145,0.07,0
1205,3.0,218,3.6,0
1206,6.0,597,1.49,0
1207,2.1,3927,1.4,0
1208,0.1,4248,0.2,0
1209,1.8,1920,3.44,0
1210,4.2,4529,0.98,0
1211,3.7,4043,1.22,0
1212,3.1,4616,3.1,0
1213,0.7,612,2.24,0
1214,0.7,3551,2.04,0
1215,1.8,4728,3.79,0
1216,6.2,4022,4.0,0
1217,3.5,2873,3.78,0
1218,3.9,2891,2.53,0
1219,1.1,2489,3.33,0
1220,1.9,4579,3.22,0
1221,4.0,4615,0.57,0
1222,6.4,290,2.36,0
1223,4.3,4650,2.66,0
1224,5.2,1298,3.53,0
1225,0.1,2542,1.75,0
1226,3.8,2052,2.29,0
1227,0.5,1102,1.12,0
1228,4.3,3976,0.58,0
1229,6.0,3485,4.12,0
1230,5.6,710,3.39,0
1231,3.5,1094,0.15,0
1232,0.7,910,3.46,0
1233,3.5,226,0.72,0
1234,0.5,4671,3.76,0
1235,1.7,1070,3.38,0
1236,1.4,1761,1.75,0
1237,0.7,4719,0.18,0
1238,2.5,3529,2.49,0
1239,5.7,4087,2.1,0
1240,5.9,3023,0.0,0
1241,3.8,1725,0.93,0
1242,5.9,647,3.82,0
1243,4.5,1189,3.24,0
1244,2.8,993,2.88,0
1245,1.9,409,4.09,0
1246,0.0,1111,2.81,0
1247,0.4,2796,2.42,0
1248,0.3,3344,0.96,0
1249,5.3,1210,0.03,0
1250,2.7,3547,2.06,0
1251,5.1,4536,2.4,0
1252,4.4,394,0.9,0
1253,5.8,907,0.64,0
1254,0.8,4356,0.05,0
1255,3.2,170,1.87,0
1256,2.3,2389,2.52,0
1257,3.7,4438,2.42,0
1258,0.9,3011,1.79,0
1259,5.7,1663,3.85,0
1260,6.6,4925,2.11,0
1261,6.2,4161,3.57,0
1262,1.7,248,0.64,0
1263,2.0,1982,4.08,0
1264,4.5,3420,2.08,0
1265,4.3,3547,0.61,0
1266,3.3,3380,0.04,0
1267,0.8,3659,0.54,0
1268,6.0,909,2.49,0
1269,6.5,1442,1.62,0
1270,4.5,4331,0.87,0
1271,1.1,1513,3.64,0
1272,0.0,3428,0.62,0
1273,3.0,2994,2.72,0
1274,4.5,2420,2.52,0
1275,0.7,2967,0.36,0
1276,2.4,2089,2.99,0
1277,1.9,2717,2.81,0
1278,4.4,774,1.2,0
1279,3.3,531,0.82,0
1280,3.3,4793,2.9,0
1281,5.1,582,3.44,0
1282,3.7,3823,1.57,0
1283,4.2,4069,1.8,0
1284,0.7,768,3.28,0
1285,6.6,853,3.79,0
1286,5.4,606,1.21,0
1287,2.5,3949,2.61,0
1288,5.0,2803,3.78,0
1289,0.7,1341,3.87,0
1290,0.0,2450,0.67,0
1291,5.1,1992,2.48,0
1292,3.4,2149,2.97,0
1293,5.1,1928,1.12,0
1294,2.8,573,1.57,0
1295,1.7,1892,1.22,0
1296,2.6,1960,3.1,0
1297,3.8,835,4.15,0
1298,5.6,742,1.51,0
1299,5.4,4470,1.03,0
1300,2.8,334,1.34,0
1301,6.0,3606,1.0,0
1302,4.1,1556,1.14,0
1303,5.9,4987,1.32,0
1304,2.6,4511,2.53,0
1305,6.4,4019,1.36,0
1306,6.1,3428,0.9,0
1307,3.1,2218,0.49,0
1308,3.0,4458,0.33,0
1309,5.1,3943,0.76,0
1310,2.6,733,3.84,0
1311,1.7,2016,3.43,0
1312,3.2,4488,3.76,0
1313,1.7,3049,2.93,0
1314,4.8,3130,2.14,0
1315,4.6,1957,3.42,0
1316,3.9,2252,1.05,0
1317,3.1,3660,3.23,0
1318,5.2,4086,3.7,0
1319,2.0,494,0.36,0
1320,3.4,3227,3.66,0
1321,6.5,2406,1.66,0
1322,2.6,254,2.17,0
1323,2.6,3028,0.7,0
1324,0.5,304,1.79,0
1325,0.5,3849,2.03,0
1326,5.7,408,1.85,0
1327,0.4,4870,1.44,0
1328,1.2,4894,2.96,0
1329,5.8,2822,0.84,0
1330,3.5,3138,2.84,0
1331,2.3,4898,3.11,0
1332,0.3,252,0.01,0
1333,1.7,3963,4.15,0
1334,6.5,804,1.45,0
1335,4.5,2693,2.5,0
1336,3.7,4329,0.63,0
1337,6.4,879,2.15,0
1338,4.9,3559,1.5,0
1339,3.5,864,3.64,0
1340,1.2,3345,0.14,0
1341,5.5,3767,1.69,0
1342,0.5,3206,0.71,0
1343,2.5,696,3.82,0
1344,3.9,3204,1.04,0
1345,3.7,3350,2.62,0
1346,2.3,4768,3.61,0
1347,2.7,3451,2.06,0
1348,5.8,180,3.28,0
1349,5.2,4635,1.57,0
1350,3.6,3052,1.42,0
1351,6.1,3967,2.28,0
1352,2.3,1552,3.76,0
1353,1.1,1449,3.75,0
1354,2.6,818,1.77,0
1355,1.3,880,1.77,0
1356,4.5,634,2.43,0
1357,0.2,2214,2.54,0
1358,4.2,551,3.96,0
1359,0.8,2403,0.47,0
1360,5.9,4376,1.5,0
1361,0.0,1554,2.79,0
1362,3.1,3360,4.12,0
1363,3.8,1112,1.33,0
1364,1.8,2540,2.63,0
1365,2.7,2933,3.57,0
1366,5.2,2877,1.44,0
1367,0.7,4815,2.68,0
1368,3.8,4923,3.16,0
1369,0.9,4786,2.01,0
1370,3.3,1735,3.71,0
1371,4.8,4741,1.94,0
1372,2.4,4810,3.57,0
1373,1.6,2425,2.75,0
1374,0.9,2814,1.98,0
1375,5.6,992,1.8,0
1376,0.4,3298,1.9,0
1377,3.8,1576,0.94,0
1378,2.0,4783,0.81,0
1379,0.0,1060,0.72,0
1380,3.2,4428,0.63,0
1381,1.0,1637,0.74,0
1382,6.5,1493,2.12,0
1383,6.5,2854,2.75,0
1384,3.6,905,4.06,0
1385,6.0,4854,1.61,0
1386,5.4,501,2.41,0
1387,1.1,1909,1.54,0
1388,1.6,3677,2.87,0
1389,5.9,3737,1.87,0
1390,0.0,4039,0.61,0
1391,5.9,4056,0.86,0
1392,1.7,3956,4.19,0
1393,1.0,3980,1.33,0
1394,6.2,4061,1.48,0
1395,1.0,703,2.58,0
1396,3.5,3362,4.15,0
1397,5.2,3719,0.89,0
1398,5.1,4304,3.43,0
1399,0.5,3719,2.53,0
1400,0.2,3779,3.49,0
1401,6.3,2221,2.8,0
1402,4.5,2178,3.12,0
1403,1.4,3791,0.7,0
1404,1.3,262,1.6,0
1405,4.0,3646,1.8,0
1406,4.7,4534,0.41,0
1407,5.8,1578,2.61,0
1408,6.6,4934,2.37,0
1409,3.1,177,0.67,0
1410,1.4,3353,2.05,0
1411,3.2,4273,1.4,0
1412,3.3,4843,3.61,0
1413,3.4,3625,0.41,0
1414,3.4,3785,2.4,0
1415,2.0,2255,2.49,0
1416,0.9,3411,1.16,0
1417,5.4,613,1.04,0
1418,0.6,2163,1.78,0
1419,4.2,1327,1.67,0
1420,3.1,1761,1.25,0
1421,3.5,2502,0.01,0
1422,2.8,776,2.61,0
1423,6.1,2497,0.49,0
1424,3.3,4112,0.96,0
1425,1.7,3586,3.81,0
1426,1.0,3153,2.46,0
1427,6.1,3016,1.29,0
1428,5.3,2825,4.14,0
1429,1.2,1463,1.32,0
1430,5.6,4543,2.14,0
1431,5.8,363,2.0,0
1432,3.2,3100,0.25,0
1433,6.1,285,3.37,0
1434,5.4,1928,1.82,0
1435,4.8,537,1.47,0
1436,2.0,2785,0.41,0
1437,3.6,2792,1.55,0
1438,2.6,2264,1.04,0
1439,5.3,2620,1.52,0
1440,6.1,3794,3.73,0
1441,1.8,2317,0.91,0
1442,1.2,4836,0.74,0
1443,3.5,3339,1.83,0
1444,5.4,3905,2.11,0
1445,1.6,3337,1.0,0
1446,1.2,3271,3.75,0
1447,2.2,4643,3.11,0
1448,2.7,520,1.42,0
1449,0.2,4237,0.76,0
1450,2.9,2166,1.65,0
1451,5.9,2722,2.21,0
1452,3.3,2298,3.97,0
1453,2.6,1870,1.43,0
1454,0.4,1763,3.36,0
1455,4.6,2329,2.54,0
1456,0.8,2756,1.28,0
1457,6.3,3174,4.07,0
1458,3.3,4532,3.91,0
1459,3.2,3170,0.64,0
1460,6.3,4172,0.78,0
1461,1.7,818,0.14,0
1462,6.1,2270,2.19,0
1463,6.6,4342,1.92,0
1464,0.9,1173,3.68,0
1465,2.8,3998,3.58,0
1466,3.0,1703,4.1,0
1467,6.2,3687,4.01,0
1468,4.7,1599,2.03,0
1469,2.4,1657,3.9,0
1470,0.6,2348,0.08,0
1471,2.3,1881,0.41,0
1472,2.1,3652,1.1,0
1473,4.2,3393,2.71,0
1474,2.9,550,3.7,0
1475,4.2,3519,3.16,0
1476,2.5,1871,0.08,0
1477,2.7,370,3.51,0
1478,2.7,2008,2.37,0
1479,0.5,4825,1.8,0
1480,4.8,3180,2.49,0
1481,1.6,812,3.33,0
1482,3.6,4969,1.22,0
1483,4.3,4309,0.44,0
1484,0.2,4248,3.27,0
1485,1.5,2014,2.02,0
1486,2.3,705,0.38,0
1487,1.3,884,3.06,0
1488,1.8,4708,1.64,0
1489,6.5,3742,1.05,0
1490,2.7,4752,4.06,0
1491,3.1,2846,0.76,0
1492,1.9,1493,2.92,0
1493,1.5,2861,1.58,0
1494,2.6,3834,2.17,0
1495,4.1,1252,0.18,0
1496,4.8,2613,3.26,0
1497,2.2,2799,3.67,0
1498,0.7,2087,3.0,0
1499,1.9,502,1.9,0
1500,3.2,3840,0.96,0
1501,4.4,2397,1.21,0
1502,3.8,3249,1.78,0
1503,5.9,1064,0.49,0
1504,6.1,1565,0.09,0
1505,2.1,2360,2.78,0
1506,5.2,4933,3.64,0
1507,5.0,197,3.55,0
1508,4.7,549,3.36,0
1509,6.1,650,0.67,0
1510,5.6,3714,1.06,0
1511,1.3,2800,2.92,0
1512,6.4,1542,3.2,0
1513,3.2,2194,0.99,0
1514,4.5,1169,3.99,0
1515,1.5,4398,0.38,0
1516,3.6,1521,0.43,0
1517,5.2,4822,3.0,0
1518,3.6,2107,2.65,0
1519,3.7,2358,2.34,0
1520,0.3,4739,4.12,0
1521,2.8,2809,3.15,0
1522,4.5,1865,0.18,0
1523,3.3,4745,1.31,0
1524,6.2,853,0.6,0
1525,1.7,826,0.32,0
1526,5.6,4430,1.76,0
1527,2.7,497,0.02,0
1528,4.5,4395,1.72,0
1529,1.3,2540,3.38,0
1530,0.7,1266,1.46,0
1531,3.4,4048,0.74,0
1532,0.9,4583,2.34,0
1533,3.5,958,1.39,0
1534,0.1,1616,0.31,0
1535,5.7,3017,3.66,0
1536,1.8,191,0.13,0
1537,0.8,4657,0.85,0
1538,3.3,1749,2.2,0
1539,6.4,4877,3.1,0
1540,1.4,183,2.73,0
1541,6.4,471,3.8,0
1542,3.9,1287,2.89,0
1543,3.2,4038,0.42,0
1544,3.7,1718,1.83,0
1545,2.4,1991,2.15,0
1546,3.4,3356,1.63,0
1547,1.1,2395,0.57,0
1548,1.7,2617,0.6,0
1549,3.2,4995,2.15,0
1550,0.9,3726,0.99,0
1551,1.5,919,2.62,0
1552,6.5,1634,0.23,0
1553,1.1,3545,4.05,0
1554,4.4,670,0.88,0
1555,1.1,4448,4.03,0
1556,2.0,1297,3.17,0
1557,0.2,1917,3.13,0
1558,2.3,4890,3.6,0
1559,6.4,990,4.14,0
1560,2.0,2788,3.53,0
1561,3.1,223,0.77,0
1562,4.6,3710,1.15,0
1563,5.7,2746,3.89,0
1564,1.1,2855,1.63,0
1565,4.8,4938,2.74,0
1566,6.1,304,3.13,0
1567,6.0,4082,0.6,0
1568,1.0,3823,0.22,0
1569,2.5,643,3.19,0
1570,1.5,2304,0.1,0
1571,1.8,2057,1.15,0
1572,5.2,2624,1.65,0
1573,2.1,1191,1.27,0
1574,1.0,2339,2.1,0
1575,5.3,4570,3.83,0
1576,2.7,1335,0.47,0
1577,6.3,2941,0.04,0
1578,3.2,2737,0.99,0
1579,0.5,1407,1.75,0
1580,1.8,2189,0.06,0
1581,0.9,3370,1.38,0
1582,5.0,2343,3.6,0
1583,2.3,1582,1.57,0
1584,0.5,3855,3.66,0
1585,5.8,4887,0.09,0
1586,2.4,4838,0.6,0
1587,0.8,812,1.58,0
1588,2.5,1198,3.08,0
1589,5.9,3898,2.84,0
1590,3.4,616,0.91,0
1591,0.8,4374,2.7,0
1592,3.9,1758,3.47,0
1593,6.4,1267,2.34,0
1594,6.6,592,0.85,0
1595,0.1,4204,1.13,0
1596,4.3,3941,1.08,0
1597,5.7,2624,3.07,0
1598,2.8,3705,2.44,0
1599,5.4,3305,2.35,0
1600,1.8,1604,1.73,0
1601,6.3,1643,1.72,0
1602,6.6,3158,0.63,0
1603,4.4,1552,3.0,0
1604,4.7,4049,0.57,0
1605,6.1,2983,1.84,0
1606,3.3,3337,1.69,0
1607,4.7,537,2.22,0
1608,5.2,1494,3.09,0
1609,6.4,925,4.08,0
1610,6.5,1805,3.55,0
1611,2.3,948,2.72,0
1612,2.3,2080,0.24,0
1613,3.5,2214,3.28,0
1614,3.1,1269,3.25,0
1615,5.3,1443,3.28,0
1616,4.9,4271,3.21,0
1617,4.1,4090,2.5,0
1618,1.5,3302,1.33,0
1619,3.7,3122,3.55,0
1620,4.7,3454,0.96,0
1621,3.4,2885,1.5,0
1622,5.5,3589,1.53,0
1623,4.7,3548,0.88,0
1624,5.0,1972,2.79,0
1625,3.5,2363,0.07,0
1626,4.1,2513,4.15,0
1627,4.5,2374,0.33,0
1628,2.7,1922,2.0,0
1629,1.9,2731,0.3,0
1630,2.7,2647,2.25,0
1631,3.7,521,0.6,0
1632,6.6,3637,3.72,0
1633,5.8,249,2.01,0
1634,3.9,3925,3.61,0
1635,6.2,995,3.58,0
1636,0.6,1474,2.94,0
1637,5.7,3670,0.3,0
1638,6.2,752,0.82,0
1639,3.4,585,3.1,0
1640,2.5,1882,3.96,0
1641,5.6,188,2.94,0
1642,1.1,823,3.22,0
1643,3.5,1708,1.89,0
1644,3.9,548,3.52,0
1645,2.6,2972,3.61,0
1646,5.4,646,2.98,0
1647,3.3,1890,1.27,0
1648,6.3,596,3.16,0
1649,2.7,1002,1.2,0
1650,2.6,1941,1.34,0
1651,5.6,644,0.59,0
1652,1.2,2753,1.07,0
1653,0.0,2035,2.15,0
1654,1.9,476,0.83,0
1655,6.5,4527,3.73,0
1656,4.8,2965,3.12,0
1657,5.6,1451,3.18,0
1658,4.5,2402,3.13,0
1659,2.7,470,2.63,0
1660,3.4,3162,0.18,0
1661,4.1,2994,1.02,0
1662,0.8,3772,2.92,0
1663,1.4,3534,3.79,0
1664,3.7,2837,2.17,0
1665,4.9,1790,0.82,0
1666,4.0,2966,0.75,0
1667,5.9,193,0.04,0
1668,3.7,2331,2.56,0
1669,2.0,1049,0.05,0
1670,5.6,1928,1.99,0
1671,6.3,2057,2.12,0
1672,2.0,4104,0.52,0
1673,5.6,2624,2.64,0
1674,6.5,3688,0.91,0
1675,4.7,3011,1.71,0
1676,2.1,3501,0.85,0
1677,1.6,1349,1.64,0
1678,2.0,612,3.87,0
1679,5.7,4594,2.02,0
1680,2.9,455,3.83,0
1681,6.5,4248,1.72,0
1682,6.6,3947,0.64,0
1683,2.1,4444,0.68,0
1684,0.1,1488,3.58,0
1685,2.3,3373,2.94,0
1686,3.3,3135,0.07,0
1687,4.6,3307,1.84,0
1688,0.6,1289,3.1,0
1689,3.6,3945,3.3,0
1690,2.0,354,2.54,0
1691,6.0,768,3.56,0
1692,0.7,3601,3.15,0
1693,5.7,3405,3.09,0
1694,5.2,3991,3.12,0
1695,4.3,2706,1.48,0
1696,0.2,534,0.85,0
1697,3.1,1115,2.68,0
1698,5.8,2379,2.96,0
1699,0.5,3646,0.35,0
1700,5.5,1846,4.01,0
1701,2.4,1844,3.08,0
1702,2.1,3241,3.7,0
1703,2.2,4013,2.91,0
1704,5.8,4662,2.71,0
1705,4.0,1898,0.7,0
1706,6.1,1058,0.29,0
1707,0.5,1143,0.44,0
1708,0.1,4130,1.49,0
1709,4.9,2322,1.23,0
1710,4.0,1586,2.85,0
1711,1.9,4909,1.76,0
1712,0.6,3533,3.65,0
1713,1.7,3415,3.3,0
1714,6.3,2854,2.24,0
1715,5.6,1907,0.87,0
1716,4.2,4214,3.73,0
1717,5.2,4473,3.23,0
1718,1.0,3987,0.27,0
1719,6.3,4595,0.93,0
1720,2.9,4770,2.1,0
1721,5.6,1707,3.19,0
1722,6.0,4377,3.74,0
1723,1.9,2167,0.37,0
1724,4.5,550,3.21,0
1725,6.2,2731,1.19,0
1726,3.8,3662,1.47,0
1727,2.3,2430,0.26,0
1728,3.5,1408,0.02,0
1729,1.2,1646,2.2,0
1730,2.0,4907,1.34,0
1731,2.3,3226,1.81,0
1732,3.5,445,2.48,0
1733,4.8,4721,0.44,0
1734,1.1,2146,2.21,0
1735,3.5,1553,0.79,0
1736,0.5,4369,0.99,0
1737,2.6,2164,2.59,0
1738,2.2,284,1.31,0
1739,4.5,1643,2.21,0
1740,3.5,4752,1.62,0
1741,3.2,935,0.98,0
1742,5.8,1781,0.65,0
1743,6.6,3349,2.8,0
1744,0.5,3248,0.12,0
1745,5.8,1112,2.98,0
1746,6.6,1284,3.08,0
1747,2.0,3424,3.1,0
1748,1.4,852,1.83,0
1749,2.0,1659,3.68,0
1750,5.2,4650,1.13,0
1751,5.4,281,1.07,0
1752,5.3,4296,2.52,0
1753,3.4,2871,1.53,0
1754,0.4,4287,1.83,0
1755,1.4,4058,0.34,0
1756,2.8,1668,1.77,0
1757,1.0,1549,1.38,0
1758,2.8,2365,4.12,0
1759,5.4,1765,3.47,0
1760,4.4,3129,1.67,0
1761,1.6,522,3.41,0
1762,2.4,1271,3.32,0
1763,2.1,3694,3.32,0
1764,3.6,1237,0.13,0
1765,3.1,4887,0.14,0
1766,5.1,3805,3.34,0
1767,2.1,3338,3.46,0
1768,2.1,1801,0.06,0
1769,2.6,4030,0.47,0
1770,3.0,4364,2.84,0
1771,5.5,1273,1.85,0
1772,4.7,2457,3.17,0
1773,4.8,2217,1.18,0
1774,5.2,4307,2.22,0
1775,4.0,2684,2.0,0
1776,5.8,287,0.73,0
1777,3.0,1273,1.18,0
1778,4.1,4254,1.9,0
1779,2.4,4688,2.49,0
1780,6.3,2297,3.23,0
1781,2.8,530,2.9,0
1782,2.6,634,0.5,0
1783,4.4,4382,0.06,0
1784,6.3,629,4.1,0
1785,0.6,3895,1.97,0
1786,4.5,875,3.76,0
1787,3.2,3286,2.02,0
1788,0.0,4271,2.33,0
1789,3.5,2499,1.16,0
1790,2.3,4945,0.25,0
1791,5.7,2125,1.3,0
1792,2.9,1277,1.9,0
1793,5.4,4252,3.59,0
1794,0.7,3114,3.6,0
1795,3.5,3269,2.06,0
1796,1.4,341,1.62,0
1797,4.0,4752,3.19,0
1798,6.5,4653,3.48,0
1799,4.0,3171,1.29,0
1800,6.2,1364,2.12,0
1801,3.8,2093,0.44,0
1802,5.6,2293,0.28,0
1803,3.0,661,1.9,0
1804,5.2,2730,4.03,0
1805,0.4,4746,0.43,0
1806,4.5,951,3.44,0
1807,5.5,2057,1.75,0
1808,3.7,2465,3.06,0
1809,0.7,2798,4.02,0
1810,3.9,4454,0.94,0
1811,2.6,3779,1.19,0
1812,6.4,4922,1.3,0
1813,4.3,4198,0.35,0
1814,3.4,1728,0.88,0
1815,2.3,4820,3.79,0
1816,0.7,3740,1.85,0
1817,6.4,2586,1.49,0
1818,2.3,2143,1.12,0
1819,6.5,2885,1.37,0
1820,3.7,774,3.56,0
1821,5.7,1777,2.71,0
1822,3.4,4370,1.43,0
1823,1.3,1082,1.35,0
1824,2.7,4520,2.34,0
1825,5.7,2025,3.51,0
1826,2.6,554,4.08,0
1827,0.8,4805,3.0,0
1828,2.1,2621,2.03,0
1829,5.7,2881,2.45,0
1830,4.8,1786,1.37,0
1831,3.8,3004,2.97,0
1832,4.2,1386,1.42,0
1833,0.2,3568,1.01,0
1834,2.5,4543,2.05,0
1835,1.2,4272,3.08,0
1836,5.2,190,0.62,0
1837,3.2,3935,0.1,0
1838,0.6,4555,1.15,0
1839,5.1,3734,2.61,0
1840,2.0,2121,1.54,0
1841,0.6,2956,3.26,0
1842,4.9,2573,1.67,0
1843,5.3,2104,3.15,0
1844,3.3,2007,0.84,0
1845,4.0,2310,0.57,0
1846,3.3,3776,4.06,0
1847,1.5,3360,0.43,0
1848,4.3,3370,3.77,0
1849,1.2,812,3.15,0
1850,5.3,3190,3.02,0
1851,2.7,1470,0.89,0
1852,1.9,585,1.58,0
1853,4.0,516,2.19,0
1854,3.6,1808,1.78,0
1855,5.9,1416,3.18,0
1856,0.3,1657,3.82,0
1857,2.5,2200,1.26,0
1858,2.3,2677,2.04,0
1859,1.8,3267,1.76,0
1860,4.3,1817,1.0,0
1861,2.7,1400,0.92,0
1862,3.1,4605,0.89,0
1863,4.4,4298,1.8,0
1864,0.7,2015,0.56,0
1865,3.1,3500,3.05,0
1866,3.8,661,3.67,0
1867,5.0,1180,2.35,0
1868,3.9,2040,1.5,0
1869,0.8,265,3.5,0
1870,0.6,4051,2.44,0
1871,5.0,2004,2.83,0
1872,0.9,3551,1.39,0
1873,3.8,299,3.92,0
1874,0.4,1726,3.8,0
1875,3.2,338,0.85,0
1876,2.9,3087,0.45,0
1877,5.8,1369,0.03,0
1878,5.5,197,3.98,0
1879,6.0,2270,0.29,0
1880,0.9,701,2.13,0
1881,1.3,4461,1.14,0
1882,3.0,1525,0.47,0
1883,2.0,1237,3.18,0
1884,2.0,3816,1.75,0
1885,5.5,414,2.66,0
1886,3.1,3792,0.89,0
1887,3.7,2963,0.84,0
1888,0.8,316,0.25,0
1889,2.6,229,1.7,0
1890,0.0,805,0.31,0
1891,5.5,2389,0.92,0
1892,5.1,3039,2.32,0
1893,0.7,2614,3.65,0
1894,4.2,985,1.5,0
1895,4.5,186,1.93,0
1896,0.4,3919,2.3,0
1897,6.6,4072,1.81,0
1898,1.6,2064,1.43,0
1899,1.2,3373,2.68,0
1900,0.9,2821,0.33,0
1901,5.4,4136,0.48,0
1902,5.4,3752,2.86,0
1903,2.8,3130,2.98,0
1904,4.9,4213,0.91,0
1905,2.9,2880,0.09,0
1906,5.4,3407,3.53,0
1907,6.1,2527,3.14,0
1908,0.0,2958,3.43,0
1909,3.9,1506,3.51,0
1910,3.0,1199,4.13,0
1911,4.0,1089,2.39,0
1912,3.5,3934,1.28,0
1913,0.9,3923,2.28,0
1914,4.8,492,1.2,0
1915,1.1,3178,3.53,0
1916,2.6,3312,2.19,0
1917,4.0,2633,2.54,0
1918,4.7,958,1.44,0
1919,0.1,2440,1.24,0
1920,2.3,696,1.63,0
1921,0.3,1701,0.69,0
1922,5.9,874,0.35,0
1923,0.2,4103,1.59,0
1924,6.6,254,1.87,0
1925,2.0,1888,4.18,0
1926,1.6,3216,1.42,0
1927,1.2,1929,0.4,0
1928,5.7,3746,4.06,0
1929,5.5,4394,3.3,0
1930,3.4,1655,1.08,0
1931,5.8,2856,1.08,0
1932,0.3,2497,0.52,0
1933,2.5,4047,2.69,0
1934,6.6,4094,3.5,0
1935,2.4,1932,3.65,0
1936,3.6,4491,2.41,0
1937,3.3,3164,3.64,0
1938,2.8,4961,2.04,0
1939,5.2,985,0.57,0
1940,4.2,2177,3.05,0
1941,2.6,3506,0.03,0
1942,6.1,360,3.65,0
1943,2.0,884,1.09,0
1944,2.5,2165,3.25,0
1945,2.5,3326,0.13,0
1946,2.0,249,2.53,0
1947,0.6,2564,1.76,0
1948,6.1,1756,1.32,0
1949,2.6,3985,3.34,0
1950,3.0,4616,2.8,0
1951,0.9,232,2.9,0
1952,5.4,4203,1.77,0
1953,2.7,4326,2.17,0
1954,5.7,633,2.18,0
1955,4.2,4169,0.64,0
1956,4.5,3398,3.38,0
1957,4.0,1088,3.8,0
1958,2.7,1832,2.59,0
1959,3.4,2570,1.39,0
1960,3.6,1699,2.08,0
1961,5.2,3434,1.72,0
1962,6.0,723,1.45,0
1963,0.1,220,2.54,0
1964,3.2,2739,0.59,0
1965,0.6,1353,3.46,0
1966,4.3,4590,2.56,0
1967,1.3,3354,3.85,0
1968,4.1,2529,0.13,0
1969,6.5,2048,2.44,0
1970,5.8,3012,3.49,0
1971,5.4,516,1.55,0
1972,2.4,3265,1.29,0
1973,2.3,1094,1.76,0
1974,1.3,2550,3.31,0
1975,5.5,514,1.98,0
1976,6.0,4092,0.19,0
1977,1.6,1835,4.18,0
1978,0.3,2228,1.74,0
1979,2.1,639,0.31,0
1980,2.2,4993,2.11,0
1981,3.5,3676,1.86,0
1982,6.6,1953,0.12,0
1983,1.6,1399,3.44,0
1984,1.1,3160,0.87,0
1985,5.3,3037,2.71,0
1986,5.5,4942,0.08,0
1987,5.5,1085,4.04,0
1988,1.0,3105,3.83,0
1989,3.4,2756,3.52,0
1990,1.1,1962,3.97,0
1991,1.1,1578,0.79,0
1992,2.5,4062,0.72,0
1993,1.1,606,0.07,0
1994,6.0,4202,0.14,0
1995,1.6,822,2.3,0
1996,4.0,3708,3.67,0
1997,4.7,3245,4.11,0
1998,4.4,4453,0.82,0
1999,3.3,4178,1.07,0
2000,13.9,3965,0.5,0
2001,13.9,1890,0.58,0
2002,9.8,4832,2.23,0
2003,13.2,1615,2.8,0
2004,11.4,199,1.91,0
2005,11.4,1466,3.94,0
2006,8.6,273,3.99,0
2007,9.1,4808,3.68,0
2008,10.0,2149,3.44,0
2009,12.2,4282,1.36,0
2010,8.7,2125,4.18,0
2011,13.7,527,0.88,0
2012,11.7,1145,1.86,0
2013,9.3,3339,2.88,0
2014,9.8,3785,1.34,0
2015,10.7,4662,2.42,0
2016,12.6,1829,1.74,0
2017,12.0,1022,3.87,0
2018,10.9,404,1.31,0
2019,9.0,3042,4.19,0
2020,11.0,1422,3.38,0
2021,12.7,1432,3.21,0
2022,10.3,206,1.33,0
2023,12.1,269,3.77,0
2024,8.9,3744,2.35,0
2025,9.1,618,3.38,0
2026,10.2,2885,3.24,0
2027,13.3,446,0.92,0
2028,13.8,2582,0.13,0
2029,9.3,1670,0.65,0
2030,9.8,3182,2.32,0
2031,13.6,3630,2.12,0
2032,11.4,1150,1.21,0
2033,13.7,4779,0.91,0
2034,12.3,2817,2.65,0
2035,8.5,4472,0.29,0
2036,12.9,2972,3.57,0
2037,10.4,4066,3.68,0
2038,9.4,1890,4.18,0
2039,9.8,4576,0.76,0
2040,8.9,3279,2.34,0
2041,12.9,4197,1.56,0
2042,11.4,1609,1.18,0
2043,10.7,630,2.64,0
2044,8.7,1872,0.35,0
2045,12.3,4076,3.39,0
2046,9.5,2106,2.26,0
2047,13.3,384,0.25,0
2048,10.6,339,4.09,0
2049,13.8,956,1.33,0
2050,12.4,206,1.97,0
2051,11.0,271,0.11,0
2052,10.0,1206,0.63,0
2053,9.0,4697,3.82,0
2054,12.9,2207,4.18,0
2055,13.7,4982,3.86,0
2056,11.9,350,1.87,0
2057,11.6,1719,2.73,0
2058,13.7,4089,4.09,0
2059,8.9,1954,0.16,0
2060,9.3,3726,1.38,0
2061,10.5,4714,3.6,0
2062,8.7,674,4.13,0
2063,9.1,515,3.66,0
2064,11.0,668,1.79,0
2065,10.9,2532,4.02,0
2066,10.6,735,3.76,0
2067,12.4,3842,2.63,0
2068,10.3,3037,2.12,0
2069,8.5,2695,2.42,0
2070,12.0,1874,2.24,0
2071,10.8,2781,4.1,0
2072,11.5,3048,1.43,0
2073,9.0,1919,0.83,0
2074,13.8,2068,1.24,0
2075,9.0,2304,3.54,0
2076,12.5,4149,3.29,0
2077,11.0,1496,0.84,0
2078,12.9,3708,1.48,0
2079,13.8,1021,1.46,0
2080,9.3,4334,0.44,0
2081,13.5,989,3.95,0
2082,10.7,1671,3.63,0
2083,8.6,857,3.96,0
2084,12.7,525,3.82,0
2085,9.4,2615,4.1,0
2086,11.6,896,2.92,0
2087,9.3,1946,0.25,0
2088,8.4,3808,3.5,0
2089,11.8,2649,1.38,0
2090,10.4,210,2.01,0
2091,12.1,2944,1.69,0
2092,12.7,2064,3.66,0
2093,8.5,1731,2.47,0
2094,12.3,4196,3.74,0
2095,11.1,1265,1.43,0
2096,13.6,221,4.07,0
2097,8.9,1935,1.26,0
2098,8.6,2486,3.81,0
2099,13.3,3529,3.16,0
2100,13.4,1228,2.33,0
2101,9.0,1896,1.6,0
2102,9.8,4384,2.51,0
2103,9.8,2620,0.96,0
2104,10.4,4492,3.18,0
2105,13.8,2706,4.16,0
2106,9.5,3869,3.38,0
2107,12.4,1975,3.1,0
2108,13.4,4647,2.24,0
2109,10.5,4763,1.78,0
2110,12.9,4778,3.11,0
2111,9.4,501,1.88,0
2112,13.4,2770,0.8,0
2113,8.9,207,3.88,0
2114,9.4,981,1.74,0
2115,13.0,1714,1.41,0
2116,13.9,1727,0.42,0
2117,12.4,2309,0.24,0
2118,8.8,268,1.35,0
2119,12.6,4538,3.77,0
2120,11.2,327,2.85,0
2121,13.2,3041,1.0,0
2122,9.7,3195,0.03,0
2123,12.1,475,2.46,0
2124,13.2,4338,1.4,0
2125,8.9,903,2.0,0
2126,9.4,1542,1.88,0
2127,9.9,3292,0.03,0
2128,9.3,3473,2.87,0
2129,11.5,3189,1.14,0
2130,12.6,645,0.67,0
2131,8.7,3876,3.21,0
2132,9.0,3294,3.54,0
2133,8.4,2029,0.98,0
2134,9.5,2234,1.61,0
2135,9.7,2871,0.35,0
2136,11.8,695,1.01,0
2137,8.4,3334,2.19,0
2138,9.8,3973,3.67,0
2139,11.7,4941,0.84,0
2140,11.7,4010,1.02,0
2141,9.1,4433,1.91,0
2142,8.7,2051,2.58,0
2143,9.7,339,3.51,0
2144,13.2,586,0.54,0
2145,8.6,3416,4.02,0
2146,10.3,1407,1.47,0
2147,9.2,3658,0.18,0
2148,10.9,1991,1.32,0
2149,9.2,3649,2.36,0
2150,8.9,1563,1.21,0
2151,8.7,2364,2.13,0
2152,9.8,4326,3.32,0
2153,9.8,4748,2.31,0
2154,9.4,3296,2.59,0
2155,9.7,2420,2.33,0
2156,12.4,4950,2.73,0
2157,11.7,2589,1.81,0
2158,13.2,792,1.18,0
2159,11.8,3043,2.4,0
2160,10.8,1320,2.73,0
2161,9.1,2827,4.06,0
2162,11.1,497,2.5,0
2163,9.6,4971,1.74,0
2164,9.3,185,0.31,0
2165,11.8,2546,3.85,0
2166,9.0,2250,0.5,0
2167,10.0,3500,4.16,0
2168,12.8,1344,4.11,0
2169,11.3,2491,0.68,0
2170,9.6,3576,0.37,0
2171,10.3,3586,3.8,0
2172,9.8,2823,2.95,0
2173,12.6,901,3.79,0
2174,9.9,2744,4.18,0
2175,13.1,4124,0.87,0
2176,11.4,4413,3.2,0
2177,11.9,2331,1.91,0
2178,13.2,1001,2.42,0
2179,13.9,3755,4.0,0
2180,10.1,3841,4.13,0
2181,13.0,4829,0.03,0
2182,13.6,619,1.11,0
2183,11.4,3201,2.56,0
2184,13.7,2802,1.74,0
2185,13.8,801,2.25,0
2186,8.7,192,2.68,0
2187,11.4,4247,0.05,0
2188,12.7,1889,1.48,0
2189,11.1,2512,3.27,0
2190,12.2,1501,2.22,0
2191,11.1,4903,2.7,0
2192,12.8,4210,4.17,0
2193,13.9,1754,2.14,0
2194,12.3,2406,0.24,0
2195,13.1,2049,1.18,0
2196,13.3,1322,4.07,0
2197,10.2,1863,1.47,0
2198,9.3,4925,2.17,0
2199,11.9,298,0.74,0
2200,13.0,1381,4.19,0
2201,12.3,779,1.27,0
2202,11.6,4797,1.68,0
2203,9.9,4811,2.54,0
2204,13.4,1461,0.08,0
2205,13.6,3135,1.05,0
2206,8.8,3123,2.7,0
2207,11.8,4437,3.17,0
2208,13.4,1442,0.56,0
2209,13.9,920,2.84,0
2210,10.5,756,0.61,0
2211,10.1,715,0.52,0
2212,9.4,1573,0.88,0
2213,9.5,413,3.58,0
2214,12.0,812,3.33,0
2215,13.2,1606,3.79,0
2216,12.0,1857,3.98,0
2217,12.5,2255,2.33,0
2218,11.6,4271,2.75,0
2219,9.0,1637,0.49,0
2220,9.0,3906,3.71,0
2221,13.4,2107,0.65,0
2222,9.8,4190,0.82,0
2223,9.1,4801,2.98,0
2224,13.7,1018,3.8,0
2225,11.7,757,3.0,0
2226,13.4,2514,3.3,0
2227,9.1,4511,3.75,0
2228,12.3,1247,3.89,0
2229,10.7,1862,3.03,0
2230,9.0,4348,1.02,0
2231,11.1,864,1.95,0
2232,8.4,2770,0.35,0
2233,12.6,1700,4.16,0
2234,13.3,3116,3.29,0
2235,9.2,4110,1.3,0
2236,12.7,1761,1.43,0
2237,13.5,3877,2.75,0
2238,10.9,929,3.33,0
2239,13.4,2598,2.49,0
2240,8.6,4565,0.68,0
2241,12.9,1825,3.88,0
2242,10.7,1626,1.2,0
2243,12.7,2073,0.65,0
2244,9.9,2460,0.19,0
2245,12.8,4033,3.29,0
2246,10.0,992,2.32,0
2247,11.1,740,1.05,0
2248,10.2,3522,4.19,0
2249,13.4,2757,1.49,0
2250,10.4,4711,3.88,0
2251,12.6,635,1.41,0
2252,11.9,4157,2.57,0
2253,8.8,1803,3.73,0
2254,9.2,2531,3.76,0
2255,11.1,2860,3.34,0
2256,13.7,3992,3.51,0
2257,8.9,1828,2.76,0
2258,9.3,1419,2.87,0
2259,10.4,3957,3.32,0
2260,11.1,255,1.16,0
2261,8.6,1078,1.86,0
2262,12.4,565,0.23,0
2263,13.1,3547,1.11,0
2264,11.9,4316,0.58,0
2265,9.6,2859,0.98,0
2266,11.2,3240,2.92,0
2267,9.9,865,0.87,0
2268,12.6,4335,2.07,0
2269,8.8,2866,1.4,0
2270,12.1,3818,1.71,0
2271,11.3,3342,1.17,0
2272,9.9,4728,2.42,0
2273,12.8,3492,3.43,0
2274,12.4,1393,0.18,0
2275,13.9,1181,1.17,0
2276,11.2,2330,1.74,0
2277,13.9,4582,2.99,0
2278,11.9,1784,2.26,0
2279,12.6,4886,0.53,0
2280,13.7,4964,1.07,0
2281,12.6,544,1.23,0
2282,9.4,2038,1.75,0
2283,9.3,3562,3.07,0
2284,11.3,1763,3.3,0
2285,8.4,3468,2.92,0
2286,13.4,374,3.6,0
2287,10.2,4614,0.31,0
2288,11.4,1601,0.57,0
2289,10.0,864,0.9,0
2290,13.8,4731,3.47,0
2291,10.8,3598,2.53,0
2292,11.0,2166,3.2,0
2293,10.1,2365,0.67,0
2294,13.4,3190,0.96,0
2295,8.6,4683,2.41,0
2296,13.4,2307,3.49,0
2297,10.1,949,4.13,0
2298,9.9,3073,0.47,0
2299,13.4,4839,3.33,0
2300,9.1,1764,1.0,0
2301,9.7,996,3.28,0
2302,10.1,2097,1.95,0
2303,9.0,2253,1.85,0
2304,11.1,4726,0.01,0
2305,11.7,1739,1.74,0
2306,10.3,1967,3.89,0
2307,11.2,4633,3.62,0
2308,9.0,4199,0.01,0
2309,11.0,1998,3.09,0
2310,9.3,1040,3.56,0
2311,8.6,1743,1.3,0
2312,10.1,2194,2.99,0
2313,9.0,4168,1.93,0
2314,9.9,4632,1.21,0
2315,8.5,2694,1.51,0
2316,9.9,3461,3.88,0
2317,10.3,4417,3.07,0
2318,10.8,617,2.24,0
2319,10.9,3573,3.31,0
2320,10.1,1001,0.09,0
2321,13.4,4589,0.37,0
2322,9.4,1541,3.16,0
2323,9.5,4874,0.97,0
2324,13.0,3970,3.39,0
2325,10.1,1322,0.79,0
2326,11.1,2745,0.61,0
2327,13.5,2054,3.25,0
2328,9.2,3408,3.3,0
2329,9.8,2147,2.63,0
2330,9.4,2839,2.39,0
2331,13.1,4334,3.77,0
2332,9.0,1236,4.04,0
2333,8.6,2537,0.94,0
2334,8.7,476,2.94,0
2335,8.7,2548,1.69,0
2336,10.3,3677,2.01,0
2337,9.6,4643,3.18,0
2338,11.7,4776,2.32,0
2339,12.2,262,3.14,0
2340,10.2,3159,1.43,0
2341,11.8,3165,0.33,0
2342,10.4,4703,4.12,0
2343,11.1,3555,1.02,0
2344,13.1,4767,0.92,0
2345,12.5,4899,1.47,0
2346,12.1,3818,0.57,0
2347,12.1,2784,3.85,0
2348,12.7,4083,0.28,0
2349,11.5,3719,2.67,0
2350,9.7,4939,3.54,0
2351,12.8,739,0.27,0
2352,8.6,180,1.08,0
2353,13.8,793,0.77,0
2354,10.3,1782,2.22,0
2355,11.6,1786,1.86,0
2356,12.4,3362,3.32,0
2357,12.9,820,4.17,0
2358,8.7,1274,2.79,0
2359,9.0,2034,0.99,0
2360,10.2,796,2.06,0
2361,12.6,1938,0.05,0
2362,10.0,4400,1.15,0
2363,11.3,3168,1.65,0
2364,8.6,2653,2.6,0
2365,11.4,1162,3.3,0
2366,11.8,2203,2.54,0
2367,9.2,4177,0.64,0
2368,13.4,768,2.35,0
2369,11.9,2066,2.03,0
2370,12.2,1053,3.24,0
2371,11.9,4246,3.16,0
2372,9.3,4974,0.62,0
2373,10.5,1587,1.76,0
2374,10.8,1847,1.49,0
2375,9.1,2994,4.14,0
2376,8.4,1812,2.43,0
2377,11.0,3273,3.01,0
2378,11.9,2585,0.6,0
2379,10.4,3939,1.61,0
2380,12.5,4690,2.73,0
2381,9.0,326,1.09,0
2382,12.2,2263,0.46,0
2383,9.5,2110,1.47,0
2384,11.9,2683,3.56,0
2385,11.4,3455,2.09,0
2386,11.7,996,0.25,0
2387,11.8,2118,0.74,0
2388,12.2,4406,2.07,0
2389,11.0,2864,4.05,0
2390,9.4,1068,3.22,0
2391,10.6,4520,1.61,0
2392,9.3,668,4.0,0
2393,10.4,841,2.25,0
2394,8.9,3312,0.37,0
2395,10.7,4241,3.17,0
2396,8.9,3824,0.81,0
2397,9.4,2880,3.63,0
2398,9.8,3588,3.42,0
2399,11.4,2527,3.52,0
2400,11.2,1717,1.01,0
2401,8.4,4577,3.73,0
2402,12.6,4143,0.23,0
2403,10.0,4527,1.55,0
2404,12.5,2461,1.47,0
2405,13.1,3991,1.73,0
2406,10.8,4948,4.07,0
2407,12.1,349,3.0,0
2408,10.5,3455,3.27,0
2409,13.9,2278,0.19,0
2410,12.6,2658,0.0,0
2411,11.8,4992,0.87,0
2412,8.9,1689,0.4,0
2413,9.7,4120,2.85,0
2414,13.3,503,0.44,0
2415,11.3,1261,2.12,0
2416,10.0,1113,3.41,0
2417,13.8,624,2.26,0
2418,9.5,1236,0.71,0
2419,13.4,800,3.16,0
2420,13.5,1362,2.85,0
2421,9.1,253,3.52,0
2422,9.0,2781,2.86,0
2423,12.2,1334,3.72,0
2424,12.5,1167,2.8,0
2425,13.0,4859,2.85,0
2426,10.4,3457,0.16,0
2427,9.9,3033,1.75,0
2428,11.9,4855,3.64,0
2429,10.8,4746,2.24,0
2430,8.6,2529,1.2,0
2431,12.6,645,3.5,0
2432,13.0,532,2.2,0
2433,9.9,4132,3.24,0
2434,9.4,3006,1.74,0
2435,12.4,911,2.99,0
2436,13.0,1194,2.7,0
2437,9.6,1360,3.17,0
2438,12.4,1276,4.05,0
2439,13.4,683,0.46,0
2440,12.8,4210,2.51,0
2441,11.0,1860,0.47,0
2442,10.0,954,0.09,0
2443,11.4,583,2.35,0
2444,9.6,3367,2.78,0
2445,12.2,4572,3.35,0
2446,9.7,839,1.47,0
2447,12.5,1502,2.59,0
2448,10.5,4368,0.36,0
2449,10.8,865,1.26,0
2450,12.1,1221,4.04,0
2451,11.2,2601,0.6,0
2452,13.8,4020,0.57,0
2453,12.7,2594,1.51,0
2454,10.3,2939,0.22,0
2455,9.5,3583,0.22,0
2456,12.9,3332,2.87,0
2457,12.6,3022,2.34,0
2458,8.9,4938,3.73,0
2459,12.0,1715,0.94,0
2460,10.8,1764,0.77,0
2461,8.6,2632,4.14,0
2462,8.9,2263,2.54,0
2463,12.2,1732,3.19,0
2464,11.6,4044,4.01,0
2465,12.3,4311,2.05,0
2466,9.6,4968,3.45,0
2467,12.9,2368,1.97,0
2468,9.6,1750,2.18,0
2469,11.4,4494,2.19,0
2470,9.3,1136,2.41,0
2471,12.6,4909,2.84,0
2472,9.5,837,3.78,0
2473,9.6,4485,3.58,0
2474,12.1,3826,1.81,0
2475,9.1,1010,2.4,0
2476,11.6,2728,1.7,0
2477,13.6,4889,1.2,0
2478,11.8,3828,3.27,0
2479,12.2,2521,1.86,0
2480,11.2,3732,0.64,0
2481,10.2,3307,3.0,0
2482,9.5,700,1.1,0
2483,13.7,3486,0.25,0
2484,13.7,1739,1.31,0
2485,8.6,1062,2.02,0
2486,13.3,4943,2.7,0
2487,12.7,3274,3.9,0
2488,11.5,3260,1.24,0
2489,9.4,2358,0.67,0
2490,10.2,4922,1.86,0
2491,8.7,3393,1.28,0
2492,9.3,1566,1.88,0
2493,11.6,467,1.98,0
2494,9.2,1097,3.31,0
2495,11.3,3889,0.55,0
2496,11.2,452,3.18,0
2497,13.3,4742,3.52,0
2498,10.8,2646,0.76,0
2499,13.5,2668,1.24,0
2500,6.9,28,4.63,1
2501,7.4,198,4.44,1
2502,7.6,108,4.59,1
2503,7.7,6,4.3,1
2504,7.6,166,4.58,1
2505,7.8,79,4.4,1
2506,7.9,33,4.41,1
2507,7.0,82,4.32,1
2508,7.5,43,4.65,1
2509,7.7,81,4.79,1
2510,6.7,14,4.88,1
2511,6.7,170,4.61,1
2512,7.5,110,4.43,1
2513,6.8,14,4.31,1
2514,7.1,88,4.43,1
2515,7.6,75,4.69,1
2516,7.4,71,4.81,1
2517,6.7,62,4.67,1
2518,7.2,5,4.45,1
2519,7.1,89,4.52,1
2520,7.8,172,4.81,1
2521,6.8,117,4.41,1
2522,7.3,5,4.48,1
2523,7.9,144,4.25,1
2524,6.8,108,4.77,1
2525,6.7,100,4.67,1
2526,7.5,151,4.7,1
2527,6.8,80,4.44,1
2528,7.3,14,4.2,1
2529,7.0,50,4.54,1
2530,7.2,87,4.95,1
2531,7.5,135,4.86,1
2532,7.4,79,4.41,1
2533,7.5,162,4.95,1
2534,7.6,121,4.98,1
2535,6.9,113,4.76,1
2536,7.6,166,4.7,1
2537,7.7,63,4.81,1
2538,7.6,172,4.43,1
2539,7.8,151,4.23,1
2540,6.7,162,4.21,1
2541,7.6,195,4.61,1
2542,6.9,137,4.69,1
2543,7.7,40,4.57,1
2544,7.0,172,4.75,1
2545,6.8,173,4.87,1
2546,7.4,98,4.36,1
2547,7.8,10,4.26,1
2548,7.0,186,4.97,1
2549,7.7,9,4.25,1
2550,7.6,120,4.38,1
2551,7.1,119,4.75,1
2552,6.7,196,4.33,1
2553,7.9,117,4.29,1
2554,7.7,65,4.5,1
2555,7.4,156,4.61,1
2556,7.5,193,4.77,1
2557,7.3,6,4.49,1
2558,7.7,87,4.28,1
2559,7.2,148,4.31,1
2560,7.9,75,4.54,1
2561,7.8,15,4.18,1
2562,7.7,196,4.73,1
2563,6.7,133,4.28,1
2564,7.9,82,4.76,1
2565,7.1,44,4.43,1
2566,7.1,139,4.85,1
2567,7.4,75,4.16,1
2568,7.4,22,4.39,1
2569,7.7,48,4.46,1
2570,7.8,89,4.53,1
2571,7.1,49,4.78,1
2572,7.0,51,4.4,1
2573,7.2,30,4.83,1
2574,7.8,143,4.86,1
2575,7.9,186,4.6,1
2576,6.9,186,4.69,1
2577,6.7,194,4.76,1
2578,7.4,60,4.51,1
2579,7.4,69,4.17,1
2580,6.7,147,4.72,1
2581,7.9,74,4.34,1
2582,7.0,118,4.43,1
2583,7.3,140,4.53,1
2584,7.1,107,4.77,1
2585,7.9,98,4.5,1
2586,7.0,102,4.21,1
2587,7.5,199,4.63,1
2588,7.2,195,4.53,1
2589,7.8,33,4.79,1
2590,6.8,153,4.42,1
2591,7.0,189,4.17,1
2592,7.0,83,4.99,1
2593,7.4,52,4.81,1
2594,7.6,17,4.72,1
2595,7.6,80,4.98,1
2596,7.5,45,4.48,1
2597,7.0,157,4.64,1
2598,7.0,47,4.26,1
2599,7.2,124,4.2,1
2600,7.7,53,4.15,1
2601,7.1,147,4.7,1
2602,7.3,9,4.76,1
2603,7.5,193,4.79,1
2604,6.7,190,4.85,1
2605,6.7,183,4.9,1
2606,7.8,90,4.54,1
2607,7.3,118,4.48,1
2608,7.2,161,4.35,1
2609,7.2,43,4.23,1
2610,6.9,54,4.95,1
2611,7.3,179,4.95,1
2612,7.5,168,4.87,1
2613,7.5,157,4.28,1
2614,7.5,142,4.5,1
2615,7.3,171,4.61,1
2616,7.7,131,4.67,1
2617,7.8,168,4.55,1
2618,7.0,141,4.83,1
2619,7.3,6,4.47,1
2620,7.6,128,4.43,1
2621,7.4,23,4.88,1
2622,7.5,182,4.75,1
2623,7.3,58,4.81,1
2624,7.6,150,4.91,1
2625,7.9,151,4.94,1
2626,7.8,44,4.39,1
2627,7.5,93,4.45,1
2628,7.9,115,4.48,1
2629,7.0,93,4.77,1
2630,6.8,84,4.19,1
2631,7.4,74,4.57,1
2632,7.3,90,4.29,1
2633,7.9,132,4.41,1
2634,6.8,132,4.22,1
2635,6.7,193,4.2,1
2636,7.4,71,4.91,1
2637,7.9,49,4.64,1
2638,6.9,14,4.75,1
2639,7.9,102,4.31,1
2640,7.1,150,4.94,1
2641,7.3,175,4.64,1
2642,7.8,116,4.9,1
2643,6.9,159,4.47,1
2644,7.6,188,4.46,1
2645,7.3,119,4.97,1
2646,7.3,17,4.79,1
2647,7.4,85,4.26,1
2648,7.6,22,4.29,1
2649,7.0,64,4.92,1
2650,7.3,156,4.55,1
2651,7.9,167,4.61,1
2652,7.0,191,4.7,1
2653,7.5,147,4.24,1
2654,7.9,51,4.3,1
2655,7.9,38,4.98,1
2656,7.5,176,4.76,1
2657,7.6,67,4.57,1
2658,7.4,71,4.68,1
2659,7.6,196,4.47,1
2660,7.0,186,4.99,1
2661,7.5,123,4.45,1
2662,6.7,143,4.41,1
2663,7.0,161,4.15,1
2664,7.9,66,4.61,1
2665,6.7,172,4.54,1
2666,6.9,5,4.89,1
2667,7.9,14,4.92,1
2668,7.3,112,4.15,1
2669,7.9,192,4.46,1
2670,7.5,197,4.82,1
2671,7.2,110,4.95,1
2672,6.9,175,4.83,1
2673,7.3,60,4.7,1
2674,6.9,189,4.58,1
2675,7.4,71,4.22,1
2676,7.5,115,4.51,1
2677,7.2,97,4.24,1
2678,7.1,37,4.41,1
2679,7.9,96,4.41,1
2680,7.1,89,4.21,1
2681,7.0,180,4.21,1
2682,7.3,148,4.74,1
2683,6.7,78,4.44,1
2684,7.7,171,4.91,1
2685,7.3,24,4.77,1
2686,7.2,72,4.61,1
2687,7.4,198,4.63,1
2688,7.9,18,4.41,1
2689,7.9,133,4.5,1
2690,6.8,82,4.29,1
2691,7.9,22,4.98,1
2692,6.7,70,4.33,1
2693,7.8,127,4.19,1
2694,7.1,180,4.57,1
2695,6.7,67,4.89,1
2696,7.8,18,4.43,1
2697,7.7,65,4.45,1
2698,7.9,80,4.79,1
2699,7.7,54,4.57,1
2700,6.7,76,4.57,1
2701,7.7,132,4.62,1
2702,6.8,70,4.95,1
2703,6.8,162,4.33,1
2704,6.8,159,4.86,1
2705,6.8,88,4.32,1
2706,7.6,140,4.92,1
2707,7.4,163,4.7,1
2708,6.7,96,4.9,1
2709,6.9,40,4.99,1
2710,7.4,38,4.25,1
2711,7.9,36,4.88,1
2712,6.8,128,4.82,1
2713,7.3,158,4.81,1
2714,7.7,110,4.69,1
2715,7.9,99,4.27,1
2716,7.6,130,4.24,1
2717,7.0,32,4.9,1
2718,7.1,160,4.91,1
2719,7.3,58,4.45,1
2720,7.3,28,4.79,1
2721,7.5,192,4.3,1
2722,7.1,2,4.2,1
2723,7.2,37,4.25,1
2724,7.6,63,4.37,1
2725,7.0,16,4.2,1
2726,7.2,14,4.47,1
2727,6.9,35,4.82,1
2728,6.8,65,4.5,1
2729,6.9,168,4.32,1
2730,7.2,35,4.15,1
2731,7.2,139,4.23,1
2732,7.4,119,4.66,1
2733,7.1,30,4.44,1
2734,6.8,187,4.36,1
2735,7.0,63,4.16,1
2736,7.7,35,4.96,1
2737,7.8,185,4.49,1
2738,7.0,155,4.15,1
2739,7.4,130,4.74,1
2740,7.6,79,4.96,1
2741,6.7,190,4.46,1
2742,7.9,103,4.16,1
2743,6.9,17,4.37,1
2744,7.0,187,4.6,1
2745,7.1,164,4.91,1
2746,7.9,70,4.33,1
2747,7.7,132,4.38,1
2748,6.7,3,4.31,1
2749,6.8,188,4.34,1
2750,7.8,2,4.89,1
2751,7.2,2,4.23,1
2752,7.1,21,4.24,1
2753,7.5,3,4.32,1
2754,7.0,195,4.42,1
2755,7.1,61,4.21,1
2756,7.5,120,4.81,1
2757,7.7,190,4.89,1
2758,7.0,7,4.55,1
2759,7.5,106,4.85,1
2760,7.1,18,4.81,1
2761,6.8,125,4.29,1
2762,7.9,154,4.75,1
2763,7.9,187,4.42,1
2764,7.2,35,4.48,1
2765,6.7,123,4.62,1
2766,7.1,3,4.37,1
2767,7.4,118,4.84,1
2768,7.4,191,4.59,1
2769,7.4,39,4.21,1
2770,7.2,55,4.31,1
2771,7.3,78,4.73,1
2772,7.5,96,4.89,1
2773,7.1,189,4.43,1
2774,7.4,198,4.97,1
2775,7.3,83,4.24,1
2776,7.0,36,4.67,1
2777,6.8,22,4.46,1
2778,7.6,92,4.2,1
2779,7.0,155,4.83,1
2780,6.8,193,4.7,1
2781,7.9,115,4.21,1
2782,7.5,103,4.6,1
2783,7.6,26,4.18,1
2784,6.9,76,4.93,1
2785,7.3,146,4.53,1
2786,7.3,180,4.67,1
2787,7.6,127,4.33,1
2788,7.0,20,4.38,1
2789,7.5,66,4.66,1
2790,7.0,160,4.65,1
2791,6.9,86,4.74,1
2792,7.0,173,4.68,1
2793,6.7,17,4.69,1
2794,7.7,91,4.2,1
2795,7.6,110,4.36,1
2796,7.9,2,4.33,1
2797,6.9,152,4.75,1
2798,7.5,167,4.21,1
2799,7.8,165,4.82,1
2800,7.1,55,4.95,1
2801,7.8,130,4.71,1
2802,6.8,145,4.38,1
2803,7.8,16,4.21,1
2804,7.2,172,4.16,1
2805,7.0,127,4.97,1
2806,7.8,155,4.98,1
2807,7.5,172,4.39,1
2808,7.7,48,4.44,1
2809,6.7,39,4.73,1
2810,6.7,166,4.19,1
2811,7.4,7,4.19,1
2812,6.9,129,4.68,1
2813,7.3,21,4.2,1
2814,7.7,71,4.38,1
2815,7.7,76,4.51,1
2816,6.7,86,4.58,1
2817,7.2,123,4.36,1
2818,7.5,121,4.92,1
2819,7.3,94,4.64,1
2820,7.3,28,4.54,1
2821,7.2,80,4.7,1
2822,7.4,3,4.82,1
2823,7.7,25,4.75,1
2824,7.2,97,4.95,1
2825,7.7,90,4.4,1
2826,7.6,190,4.73,1
2827,6.9,181,4.92,1
2828,7.2,62,4.29,1
2829,7.6,175,4.6,1
2830,6.8,125,4.93,1
2831,7.3,127,4.51,1
2832,7.4,197,4.85,1
2833,6.8,13,4.7,1
2834,6.9,148,4.35,1
2835,7.8,43,4.69,1
2836,7.6,26,4.65,1
2837,7.5,1,4.66,1
2838,7.1,173,4.6,1
2839,6.8,197,4.8,1
2840,6.9,124,4.69,1
2841,7.9,61,4.42,1
2842,7.6,3,4.32,1
2843,7.2,69,4.22,1
2844,7.0,122,4.82,1
2845,7.4,183,4.58,1
2846,7.2,5,4.21,1
2847,7.4,128,4.15,1
2848,6.8,59,4.21,1
2849,6.9,182,4.49,1
2850,7.3,165,4.47,1
2851,7.4,102,4.86,1
2852,7.7,73,4.64,1
2853,7.0,136,4.48,1
2854,6.7,168,4.77,1
2855,7.0,156,4.27,1
2856,7.3,165,4.32,1
2857,7.5,198,4.22,1
2858,7.0,111,4.75,1
2859,7.7,174,4.9,1
2860,7.3,33,4.4,1
2861,7.7,122,4.7,1
2862,7.2,36,4.91,1
2863,7.4,133,4.15,1
2864,7.8,181,4.79,1
2865,7.3,135,4.74,1
2866,7.4,63,4.39,1
2867,7.3,61,4.74,1
2868,6.7,115,4.9,1
2869,7.6,171,4.22,1
2870,7.8,122,4.84,1
2871,7.3,152,4.77,1
2872,6.8,66,4.47,1
2873,6.9,102,4.82,1
2874,6.8,37,4.59,1
2875,7.1,83,4.54,1
2876,7.6,84,4.76,1
2877,7.6,72,4.98,1
2878,7.8,108,4.49,1
2879,7.6,197,4.7,1
2880,7.1,100,4.4,1
2881,7.4,129,4.77,1
2882,7.4,13,4.39,1
2883,6.8,117,4.58,1
2884,7.4,174,4.69,1
2885,7.6,118,4.28,1
2886,7.0,23,4.87,1
2887,6.9,9,4.45,1
2888,7.4,176,4.96,1
2889,7.8,159,4.26,1
2890,7.0,35,4.88,1
2891,7.2,33,4.61,1
2892,6.9,13,4.77,1
2893,7.3,81,4.24,1
2894,7.1,138,4.91,1
2895,7.8,50,4.87,1
2896,7.3,88,4.7,1
2897,7.7,151,4.8,1
2898,7.2,21,4.26,1
2899,7.6,120,4.61,1
2900,7.3,22,4.86,1
2901,6.9,102,4.7,1
2902,7.2,105,4.6,1
2903,7.1,29,4.21,1
2904,7.6,62,4.32,1
2905,7.5,103,4.49,1
2906,7.1,180,4.76,1
2907,7.9,135,4.73,1
2908,7.5,74,4.16,1
2909,6.9,47,4.31,1
2910,6.8,105,4.91,1
2911,7.5,59,4.93,1
2912,7.5,50,4.68,1
2913,7.2,184,4.28,1
2914,7.5,145,4.51,1
2915,7.6,135,4.89,1
2916,7.0,185,4.39,1
2917,6.9,52,4.26,1
2918,6.7,8,4.28,1
2919,6.9,160,4.73,1
2920,7.7,26,4.73,1
2921,7.5,120,4.3,1
2922,7.6,77,4.72,1
2923,7.6,148,4.76,1
2924,6.8,67,4.28,1
2925,7.1,39,4.99,1
2926,7.0,130,4.21,1
2927,6.7,102,4.66,1
2928,7.4,24,4.98,1
2929,7.1,45,4.73,1
2930,7.8,121,4.89,1
2931,7.6,163,4.55,1
2932,7.0,132,4.38,1
2933,7.4,62,4.71,1
2934,7.3,97,4.84,1
2935,7.2,73,4.39,1
2936,6.9,111,4.5,1
2937,7.2,25,4.83,1
2938,6.9,41,4.18,1
2939,7.6,142,4.59,1
2940,7.4,125,4.83,1
2941,7.8,190,4.94,1
2942,7.1,95,4.21,1
2943,6.7,177,4.86,1
2944,7.0,192,4.68,1
2945,7.4,20,4.31,1
2946,7.3,26,4.52,1
2947,7.3,103,4.18,1
2948,7.1,24,4.26,1
2949,7.2,183,4.17,1
2950,7.1,124,4.4,1
2951,7.7,196,4.49,1
2952,7.0,71,4.44,1
2953,7.0,30,4.76,1
2954,7.4,149,4.21,1
2955,7.3,70,4.35,1
2956,7.4,8,4.92,1
2957,7.8,81,4.78,1
2958,7.6,46,4.8,1
2959,7.7,106,4.47,1
2960,6.9,133,4.53,1
2961,7.0,84,4.6,1
2962,7.6,196,4.64,1
2963,7.5,121,4.16,1
2964,7.6,188,4.72,1
2965,6.8,51,4.38,1
2966,7.8,175,4.23,1
2967,7.0,170,4.17,1
2968,7.1,72,4.77,1
2969,7.8,60,4.26,1
2970,6.7,33,4.96,1
2971,7.4,108,4.54,1
2972,6.9,172,4.73,1
2973,7.3,31,4.65,1
2974,7.5,198,4.54,1
2975,7.2,176,4.37,1
2976,7.2,18,4.94,1
2977,7.7,167,4.62,1
2978,7.0,140,4.55,1
2979,7.4,67,4.99,1
2980,6.9,58,4.38,1
2981,6.9,62,4.81,1
2982,7.1,173,4.9,1
2983,7.3,180,4.67,1
2984,7.9,79,4.75,1
2985,7.9,108,4.63,1
2986,7.5,184,4.91,1
2987,7.0,144,4.87,1
2988,7.7,72,4.22,1
2989,6.7,69,4.19,1
2990,7.5,170,4.59,1
2991,7.5,87,4.23,1
2992,7.4,140,4.53,1
2993,7.2,129,4.29,1
2994,6.9,147,4.41,1
2995,6.9,110,4.55,1
2996,6.8,142,4.62,1
2997,7.1,73,4.9,1
2998,7.9,129,4.53,1
2999,7.8,34,4.57,1
3000,7.2,157,4.8,1
3001,7.6,99,4.67,1
3002,6.7,169,4.29,1
3003,7.3,89,4.31,1
3004,6.8,40,4.17,1
3005,6.7,37,4.25,1
3006,6.9,130,4.94,1
3007,7.8,173,4.79,1
3008,7.2,26,4.4,1
3009,7.1,151,4.61,1
3010,7.7,50,4.58,1
3011,7.4,185,4.8,1
3012,7.3,183,4.29,1
3013,6.8,195,4.83,1
3014,7.3,44,4.94,1
3015,7.3,64,4.75,1
3016,7.7,76,4.36,1
3017,6.7,109,4.84,1
3018,7.2,63,4.5,1
3019,6.9,15,4.92,1
3020,7.1,36,4.9,1
3021,7.3,133,4.21,1
3022,7.8,131,4.96,1
3023,7.9,90,4.49,1
3024,6.9,42,4.56,1
3025,6.9,15,4.62,1
3026,6.8,51,4.84,1
3027,6.8,166,4.65,1
3028,7.8,197,4.78,1
3029,6.9,28,4.39,1
3030,7.0,90,4.49,1
3031,7.1,161,4.86,1
3032,7.6,34,4.36,1
3033,7.3,75,4.87,1
3034,6.9,174,4.85,1
3035,7.5,3,4.22,1
3036,6.7,103,4.72,1
3037,7.6,93,4.42,1
3038,7.8,141,4.31,1
3039,6.7,112,4.67,1
3040,7.3,86,4.61,1
3041,7.0,185,4.8,1
3042,7.7,5,4.29,1
3043,7.3,42,4.58,1
3044,7.9,125,4.37,1
3045,7.4,136,4.47,1
3046,7.2,141,4.93,1
3047,7.4,109,4.55,1
3048,7.8,118,4.46,1
3049,7.4,171,4.98,1
3050,7.2,158,4.8,1
3051,7.1,10,4.52,1
3052,6.7,106,4.47,1
3053,7.1,143,4.78,1
3054,7.0,74,4.38,1
3055,7.9,59,4.97,1
3056,7.7,4,4.6,1
3057,6.8,189,4.33,1
3058,7.9,136,4.61,1
3059,7.5,117,4.93,1
3060,7.5,24,4.75,1
3061,7.4,64,4.25,1
3062,7.8,25,4.77,1
3063,6.7,26,4.3,1
3064,7.3,20,4.82,1
3065,7.0,171,4.58,1
3066,6.7,52,4.21,1
3067,7.3,10,4.78,1
3068,7.7,6,4.26,1
3069,7.7,192,4.77,1
3070,6.7,150,4.18,1
3071,7.0,130,4.88,1
3072,7.6,121,4.69,1
3073,7.1,150,4.23,1
3074,6.7,84,4.37,1
3075,7.0,119,4.29,1
3076,7.8,47,4.53,1
3077,7.1,31,4.45,1
3078,7.1,57,4.31,1
3079,6.8,32,4.19,1
3080,7.8,150,4.73,1
3081,7.4,191,4.26,1
3082,7.7,185,4.92,1
3083,6.7,185,4.36,1
3084,7.3,11,4.79,1
3085,6.8,70,4.26,1
3086,7.4,142,4.29,1
3087,7.5,53,4.2,1
3088,7.5,106,4.35,1
3089,7.6,69,4.96,1
3090,6.7,93,4.23,1
3091,7.3,128,4.15,1
3092,6.8,108,4.45,1
3093,7.5,153,4.79,1
3094,6.7,127,4.18,1
3095,7.0,110,4.82,1
3096,6.8,38,4.3,1
3097,7.3,94,4.75,1
3098,6.7,93,4.5,1
3099,6.8,34,4.54,1
3100,7.7,172,4.36,1
3101,7.9,73,4.92,1
3102,7.7,109,4.9,1
3103,7.9,9,4.43,1
3104,7.2,199,4.42,1
3105,7.7,93,4.75,1
3106,7.4,69,4.77,1
3107,7.7,101,4.81,1
3108,7.2,78,4.82,1
3109,7.8,41,4.38,1
3110,7.1,19,4.94,1
3111,7.4,185,4.82,1
3112,7.5,76,4.53,1
3113,7.2,176,4.42,1
3114,7.7,72,4.8,1
3115,6.9,14,4.19,1
3116,7.0,98,4.92,1
3117,6.8,66,4.7,1
3118,6.8,153,4.82,1
3119,7.2,131,4.94,1
3120,7.8,44,4.42,1
3121,7.9,194,4.51,1
3122,7.5,67,4.76,1
3123,7.1,186,4.23,1
3124,7.4,31,4.6,1
3125,6.7,94,4.22,1
3126,6.9,122,4.21,1
3127,7.2,133,4.42,1
3128,7.9,86,4.56,1
3129,7.1,151,4.62,1
3130,7.5,90,4.32,1
3131,7.7,173,4.89,1
3132,7.6,35,4.5,1
3133,7.6,88,4.49,1
3134,7.0,190,4.92,1
3135,7.2,71,4.31,1
3136,7.1,79,4.52,1
3137,6.8,163,4.16,1
3138,7.1,147,4.28,1
3139,7.1,1,4.72,1
3140,7.6,29,4.31,1
3141,7.2,151,4.87,1
3142,7.6,141,4.78,1
3143,6.7,44,4.94,1
3144,7.9,86,4.68,1
3145,7.5,193,4.69,1
3146,7.0,130,4.77,1
3147,7.7,40,4.58,1
3148,7.7,99,4.54,1
3149,7.7,163,4.32,1
3150,7.0,115,4.85,1
3151,6.8,132,4.18,1
3152,7.1,118,4.77,1
3153,7.3,143,4.97,1
3154,7.4,98,4.93,1
3155,6.7,42,4.56,1
3156,6.8,23,4.83,1
3157,6.9,186,4.53,1
3158,7.8,155,4.38,1
3159,7.1,143,4.15,1
3160,6.7,198,4.4,1
3161,6.7,161,4.15,1
3162,7.8,9,4.84,1
3163,7.1,18,4.98,1
3164,6.8,129,4.47,1
3165,6.8,94,4.32,1
3166,7.3,31,4.7,1
3167,7.5,13,4.71,1
3168,7.6,158,4.97,1
3169,7.4,180,4.56,1
3170,7.4,44,4.55,1
3171,7.2,30,4.67,1
3172,7.8,50,4.64,1
3173,7.5,29,4.67,1
3174,7.3,60,4.17,1
3175,7.9,197,4.66,1
3176,6.8,94,4.77,1
3177,7.7,197,4.94,1
3178,7.5,68,4.91,1
3179,7.6,172,4.88,1
3180,7.3,104,4.73,1
3181,7.2,86,4.77,1
3182,7.8,64,4.53,1
3183,7.6,99,4.67,1
3184,7.5,102,4.25,1
3185,7.9,41,4.81,1
3186,7.2,183,4.53,1
3187,7.8,39,4.32,1
3188,6.7,78,4.74,1
3189,6.8,42,4.83,1
3190,6.8,171,4.34,1
3191,7.3,75,4.27,1
3192,7.9,116,4.19,1
3193,7.1,124,4.27,1
3194,6.7,141,4.35,1
3195,7.2,53,4.49,1
3196,7.9,149,4.2,1
3197,7.1,175,4.35,1
3198,7.1,68,4.22,1
3199,7.0,162,4.61,1
3200,6.8,166,4.46,1
3201,7.3,33,4.82,1
3202,7.6,178,4.71,1
3203,6.8,132,4.68,1
3204,7.5,93,4.99,1
3205,7.6,138,4.67,1
3206,7.4,29,4.61,1
3207,7.6,136,4.58,1
3208,6.7,54,4.84,1
3209,7.1,114,4.94,1
3210,7.0,110,4.34,1
3211,7.1,136,4.75,1
3212,7.1,196,4.96,1
3213,7.9,31,4.2,1
3214,7.2,176,4.69,1
3215,7.0,88,4.88,1
3216,6.9,42,4.56,1
3217,7.3,157,4.42,1
3218,6.8,12,4.54,1
3219,7.6,33,4.64,1
3220,7.4,150,4.64,1
3221,7.1,93,4.74,1
3222,7.6,164,4.4,1
3223,7.9,90,4.98,1
3224,6.9,164,4.36,1
3225,7.7,63,4.75,1
3226,6.7,115,4.9,1
3227,6.7,66,4.45,1
3228,7.3,154,4.53,1
3229,6.7,7,4.9,1
3230,7.6,36,4.3,1
3231,7.0,101,4.5,1
3232,7.2,144,4.95,1
3233,6.9,81,4.49,1
3234,7.4,12,4.22,1
3235,7.6,14,4.76,1
3236,6.9,145,4.76,1
3237,7.7,15,4.3,1
3238,7.8,84,4.29,1
3239,7.4,52,4.38,1
3240,7.5,8,4.34,1
3241,7.4,48,4.99,1
3242,7.7,173,4.31,1
3243,7.6,163,4.81,1
3244,7.9,72,4.71,1
3245,7.0,165,4.62,1
3246,7.6,119,4.89,1
3247,7.7,190,4.72,1
3248,7.1,179,4.52,1
3249,6.8,196,4.18,1
3250,7.2,184,4.17,1
3251,6.8,185,4.48,1
3252,7.3,86,4.29,1
3253,7.3,64,4.28,1
3254,7.3,113,4.72,1
3255,6.7,129,4.61,1
3256,7.9,34,4.96,1
3257,7.8,57,4.93,1
3258,6.8,99,4.43,1
3259,7.3,183,4.33,1
3260,7.5,172,4.17,1
3261,7.2,152,4.8,1
3262,6.8,80,4.4,1
3263,6.7,132,4.94,1
3264,7.8,34,4.42,1
3265,6.9,39,4.17,1
3266,6.9,38,4.38,1
3267,7.6,87,4.28,1
3268,7.6,27,4.17,1
3269,7.8,97,4.86,1
3270,7.9,157,4.54,1
3271,6.7,46,4.49,1
3272,7.3,130,4.98,1
3273,7.0,183,4.74,1
3274,7.0,53,4.47,1
3275,6.8,146,4.83,1
3276,7.2,171,4.74,1
3277,7.6,27,4.15,1
3278,7.9,162,4.78,1
3279,6.9,126,4.77,1
3280,6.7,61,4.68,1
3281,7.6,178,4.36,1
3282,7.5,66,4.65,1
3283,6.7,19,4.41,1
3284,7.6,175,4.88,1
3285,7.0,53,4.78,1
3286,7.6,167,4.25,1
3287,7.3,1,4.89,1
3288,7.3,94,4.91,1
3289,7.6,65,4.61,1
3290,6.9,92,4.17,1
3291,7.5,69,4.64,1
3292,7.0,100,4.59,1
3293,6.9,47,4.23,1
3294,6.8,189,4.83,1
3295,7.0,83,4.67,1
3296,7.2,82,4.31,1
3297,7.4,21,4.84,1
3298,7.1,68,4.36,1
3299,6.7,17,4.41,1
3300,7.7,156,4.69,1
3301,7.8,51,4.21,1
3302,7.4,89,4.3,1
3303,7.7,29,4.76,1
3304,7.8,80,4.28,1
3305,6.8,49,4.93,1
3306,7.5,74,4.57,1
3307,7.7,53,4.84,1
3308,7.3,14,4.79,1
3309,7.6,77,4.89,1
3310,6.8,61,4.22,1
3311,7.4,190,4.17,1
3312,7.6,64,4.18,1
3313,7.7,60,4.71,1
3314,6.8,164,4.81,1
3315,7.1,183,4.71,1
3316,7.6,190,4.29,1
3317,7.1,166,4.77,1
3318,7.2,68,4.39,1
3319,7.8,106,4.59,1
3320,7.7,120,4.41,1
3321,7.0,160,4.18,1
3322,7.4,143,4.6,1
3323,7.6,130,4.95,1
3324,7.2,138,4.51,1
3325,7.9,146,4.49,1
3326,7.2,185,4.16,1
3327,7.0,188,4.81,1
3328,7.3,197,4.23,1
3329,7.6,124,4.79,1
3330,7.0,152,4.21,1
3331,7.4,56,4.84,1
3332,7.3,127,4.82,1
3333,7.1,10,4.6,1
3334,6.7,90,4.34,1
3335,7.0,68,4.67,1
3336,7.8,68,4.53,1
3337,7.1,198,4.16,1
3338,7.8,54,4.93,1
3339,7.2,15,4.57,1
3340,6.9,178,4.21,1
3341,7.7,4,4.35,1
3342,7.7,77,4.3,1
3343,7.6,19,4.66,1
3344,7.2,0,4.34,1
3345,7.2,23,4.22,1
3346,6.7,182,4.99,1
3347,6.7,57,4.78,1
3348,7.1,30,4.98,1
3349,7.9,159,4.31,1
3350,6.8,4,4.94,1
3351,7.2,103,4.18,1
3352,7.0,121,4.57,1
3353,7.8,44,4.88,1
3354,7.9,66,4.32,1
3355,7.9,134,4.35,1
3356,6.9,97,4.6,1
3357,6.7,29,4.69,1
3358,6.8,136,4.4,1
3359,7.4,50,4.3,1
3360,7.0,77,4.46,1
3361,7.4,169,4.17,1
3362,7.9,73,4.57,1
3363,7.7,30,4.79,1
3364,7.2,76,4.76,1
3365,7.5,199,4.88,1
3366,7.9,89,4.26,1
3367,7.3,169,4.58,1
3368,7.6,150,4.26,1
3369,7.0,130,4.6,1
3370,7.8,88,4.91,1
3371,7.7,18,4.44,1
3372,7.5,85,4.27,1
3373,7.5,95,4.44,1
3374,7.9,189,4.3,1
3375,7.5,146,4.56,1
3376,7.2,29,4.98,1
3377,7.2,130,4.42,1
3378,7.7,101,4.51,1
3379,7.1,144,4.83,1
3380,7.1,49,4.97,1
3381,7.9,144,4.35,1
3382,7.5,72,4.73,1
3383,6.9,12,4.2,1
3384,7.6,99,4.59,1
3385,7.4,174,4.82,1
3386,7.6,131,4.29,1
3387,7.6,31,4.2,1
3388,6.9,107,4.41,1
3389,7.6,105,4.34,1
3390,6.7,41,4.54,1
3391,7.2,107,4.36,1
3392,7.8,84,4.21,1
3393,7.3,127,4.28,1
3394,7.9,121,4.8,1
3395,7.0,199,4.51,1
3396,7.4,43,4.75,1
3397,7.2,168,4.46,1
3398,7.2,42,4.21,1
3399,7.0,17,4.67,1
3400,7.6,108,4.4,1
3401,6.8,20,4.37,1
3402,7.0,129,4.3,1
3403,7.6,40,4.52,1
3404,7.9,92,4.4,1
3405,7.8,4,4.66,1
3406,7.4,102,4.92,1
3407,7.8,2,4.96,1
3408,7.9,141,4.64,1
3409,7.1,196,4.73,1
3410,6.8,153,4.81,1
3411,6.9,28,4.59,1
3412,7.5,145,4.99,1
3413,7.6,30,4.9,1
3414,6.7,7,4.4,1
3415,7.3,1,4.66,1
3416,7.0,28,4.49,1
3417,6.8,91,4.18,1
3418,7.8,8,4.44,1
3419,7.7,176,4.4,1
3420,7.2,64,4.28,1
3421,6.7,37,4.82,1
3422,6.8,55,4.46,1
3423,7.3,160,4.47,1
3424,7.3,186,4.34,1
3425,7.7,145,4.19,1
3426,7.9,133,4.31,1
3427,7.8,43,4.85,1
3428,7.7,105,4.22,1
3429,7.3,92,4.99,1
3430,7.0,32,4.73,1
3431,7.3,192,4.28,1
3432,7.8,18,4.74,1
3433,7.0,95,4.32,1
3434,7.1,161,4.25,1
3435,6.8,99,4.24,1
3436,7.0,87,4.54,1
3437,6.8,191,4.56,1
3438,7.3,171,4.42,1
3439,7.3,150,4.88,1
3440,7.4,142,4.95,1
3441,6.7,57,4.56,1
3442,6.9,79,4.68,1
3443,7.4,97,4.27,1
3444,7.5,3,4.58,1
3445,7.2,24,4.84,1
3446,7.3,150,4.8,1
3447,7.4,59,4.71,1
3448,6.7,48,4.51,1
3449,7.6,50,4.89,1
3450,7.3,100,4.28,1
3451,7.0,170,4.75,1
3452,7.6,116,4.89,1
3453,7.7,172,4.49,1
3454,7.2,0,4.41,1
3455,7.8,196,4.91,1
3456,7.6,104,4.74,1
3457,7.7,187,4.6,1
3458,7.2,58,4.98,1
3459,6.8,178,4.44,1
3460,6.8,107,4.73,1
3461,6.9,11,4.67,1
3462,7.5,110,4.55,1
3463,7.9,155,4.83,1
3464,6.9,30,4.71,1
3465,7.0,27,4.26,1
3466,7.8,8,4.89,1
3467,6.8,198,4.15,1
3468,7.3,53,4.4,1
3469,7.3,180,4.82,1
3470,7.0,96,4.95,1
3471,7.3,194,4.87,1
3472,7.7,60,4.55,1
3473,7.9,71,4.6,1
3474,7.4,51,4.85,1
3475,7.4,190,4.79,1
3476,6.9,0,4.71,1
3477,7.6,47,4.93,1
3478,7.9,107,4.31,1
3479,7.6,3,4.56,1
3480,7.1,120,4.16,1
3481,7.2,151,4.73,1
3482,7.9,28,4.62,1
3483,7.5,166,4.21,1
3484,7.8,49,4.55,1
3485,7.5,101,4.56,1
3486,7.5,18,4.38,1
3487,7.5,155,4.85,1
3488,7.8,49,4.51,1
3489,7.7,136,4.91,1
3490,7.8,44,4.73,1
3491,7.5,46,4.78,1
3492,7.9,15,4.61,1
3493,7.8,111,4.4,1
3494,7.2,80,4.71,1
3495,6.7,8,4.27,1
3496,7.5,0,4.36,1
3497,6.8,136,4.32,1
3498,6.9,115,4.98,1
3499,7.8,71,4.73,1
3500,6.8,121,4.52,1
3501,7.2,20,4.97,1
3502,7.3,80,4.59,1
3503,7.4,73,4.68,1
3504,6.7,65,4.84,1
3505,7.9,98,4.56,1
3506,7.8,92,4.75,1
3507,7.7,182,4.24,1
3508,7.4,176,4.31,1
3509,7.3,168,4.65,1
3510,7.8,117,4.7,1
3511,7.6,46,4.33,1
3512,7.6,189,4.72,1
3513,6.8,25,4.63,1
3514,7.5,93,4.83,1
3515,7.1,58,4.97,1
3516,7.3,8,4.88,1
3517,7.7,39,4.48,1
3518,7.7,120,4.32,1
3519,7.0,139,4.27,1
3520,7.0,36,4.51,1
3521,7.2,0,4.36,1
3522,7.4,145,4.41,1
3523,7.6,91,4.29,1
3524,7.5,152,4.23,1
3525,6.7,93,4.92,1
3526,7.2,77,4.49,1
3527,7.7,179,4.59,1
3528,7.9,130,4.83,1
3529,7.7,83,4.64,1
3530,7.7,18,4.66,1
3531,7.9,52,4.57,1
3532,6.7,121,4.91,1
3533,7.5,131,4.74,1
3534,7.0,17,4.88,1
3535,7.1,97,4.57,1
3536,7.2,87,4.57,1
3537,7.5,70,4.53,1
3538,7.4,139,4.79,1
3539,7.4,43,4.72,1
3540,7.0,96,4.52,1
3541,7.1,46,4.55,1
3542,7.1,176,4.72,1
3543,6.7,97,4.2,1
3544,7.8,176,4.77,1
3545,7.3,0,4.25,1
3546,7.5,41,4.9,1
3547,7.6,144,4.69,1
3548,7.5,4,4.2,1
3549,7.5,165,4.46,1
3550,7.7,169,4.85,1
3551,6.9,166,4.52,1
3552,7.2,129,4.41,1
3553,7.0,180,4.22,1
3554,7.9,159,4.17,1
3555,7.8,50,4.34,1
3556,7.5,122,4.26,1
3557,7.9,57,4.53,1
3558,7.8,67,4.18,1
3559,7.4,193,4.9,1
3560,7.3,20,4.74,1
3561,7.1,0,4.52,1
3562,7.2,89,4.44,1
3563,7.4,34,4.52,1
3564,7.1,3,4.2,1
3565,7.9,63,4.36,1
3566,7.8,136,4.46,1
3567,7.9,168,4.81,1
3568,7.5,161,4.86,1
3569,7.5,38,4.23,1
3570,7.3,71,4.39,1
3571,7.5,24,4.5,1
3572,6.7,117,4.84,1
3573,7.2,161,4.74,1
3574,7.0,136,4.79,1
3575,6.9,13,4.26,1
3576,6.7,35,4.72,1
3577,6.9,160,4.62,1
3578,7.6,30,4.78,1
3579,7.3,101,4.43,1
3580,7.7,166,4.83,1
3581,6.9,146,4.69,1
3582,7.5,23,4.58,1
3583,7.9,59,4.74,1
3584,7.3,68,4.43,1
3585,6.8,33,4.32,1
3586,7.3,144,4.72,1
3587,7.6,112,4.67,1
3588,7.9,166,4.8,1
3589,6.8,44,4.75,1
3590,7.6,146,4.22,1
3591,6.8,33,4.52,1
3592,7.3,9,4.94,1
3593,7.0,171,4.89,1
3594,6.8,98,4.57,1
3595,7.8,18,4.47,1
3596,7.0,171,4.8,1
3597,7.1,181,4.87,1
3598,7.4,143,4.17,1
3599,7.2,8,4.82,1
3600,7.9,104,4.43,1
3601,7.3,145,4.55,1
3602,7.3,47,4.19,1
3603,6.9,5,4.97,1
3604,6.7,47,4.62,1
3605,7.2,1,4.91,1
3606,7.6,18,4.25,1
3607,7.5,163,4.99,1
3608,7.7,39,4.23,1
3609,7.9,6,4.72,1
3610,7.2,192,4.51,1
3611,6.7,110,4.38,1
3612,7.4,186,4.54,1
3613,7.1,145,4.37,1
3614,6.9,50,4.99,1
3615,6.7,138,4.65,1
3616,7.7,70,4.26,1
3617,7.2,171,4.19,1
3618,7.8,166,4.87,1
3619,7.7,0,4.51,1
3620,7.8,111,4.7,1
3621,6.9,148,4.92,1
3622,7.0,64,4.53,1
3623,6.9,2,4.68,1
3624,6.8,153,4.16,1
3625,7.9,63,4.86,1
3626,7.8,111,4.92,1
3627,7.2,56,4.23,1
3628,7.3,17,4.9,1
3629,6.8,132,4.23,1
3630,7.3,81,4.86,1
3631,6.8,109,4.92,1
3632,7.5,193,4.33,1
3633,7.1,21,4.37,1
3634,6.9,131,4.81,1
3635,7.8,184,4.38,1
3636,6.9,190,4.55,1
3637,7.2,163,4.2,1
3638,7.9,120,4.36,1
3639,7.7,56,4.67,1
3640,7.4,145,4.98,1
3641,7.1,153,4.2,1
3642,6.7,158,4.26,1
3643,6.7,66,4.43,1
3644,7.8,173,4.83,1
3645,7.9,159,4.94,1
3646,7.7,14,4.28,1
3647,7.8,97,4.57,1
3648,7.9,32,4.45,1
3649,6.8,163,4.9,1
3650,7.3,53,4.46,1
3651,7.0,44,4.47,1
3652,6.8,43,4.91,1
3653,7.5,175,4.38,1
3654,7.4,194,4.35,1
3655,7.9,118,4.24,1
3656,7.7,114,4.93,1
3657,7.4,32,4.68,1
3658,7.9,9,4.32,1
3659,7.3,183,4.44,1
3660,7.3,148,4.89,1
3661,7.7,134,4.96,1
3662,7.7,180,4.53,1
3663,6.9,110,4.34,1
3664,7.8,144,4.6,1
3665,7.8,33,4.65,1
3666,7.3,88,4.96,1
3667,7.7,167,4.63,1
3668,7.5,73,4.95,1
3669,7.9,162,4.88,1
3670,7.6,174,4.3,1
3671,6.9,170,4.67,1
3672,6.8,97,4.46,1
3673,7.2,23,4.56,1
3674,7.7,128,4.2,1
3675,7.5,47,4.41,1
3676,7.4,121,4.22,1
3677,6.8,35,4.64,1
3678,7.3,36,4.74,1
3679,7.8,8,4.87,1
3680,7.6,43,4.37,1
3681,7.9,67,4.22,1
3682,7.0,167,4.62,1
3683,7.0,70,4.23,1
3684,6.7,17,4.43,1
3685,7.9,20,4.85,1
3686,7.6,138,4.83,1
3687,7.9,160,4.2,1
3688,7.4,122,4.46,1
3689,6.8,79,4.95,1
3690,7.7,185,4.96,1
3691,7.2,160,4.21,1
3692,6.7,55,4.77,1
3693,7.2,173,4.45,1
3694,6.8,27,4.15,1
3695,7.1,42,4.88,1
3696,7.4,50,4.68,1
3697,7.3,196,4.8,1
3698,6.8,33,4.27,1
3699,7.8,52,4.93,1
3700,7.9,110,4.21,1
3701,7.8,175,4.97,1
3702,7.9,11,4.76,1
3703,7.2,71,4.69,1
3704,7.1,43,4.75,1
3705,7.3,31,4.91,1
3706,6.8,14,4.75,1
3707,6.9,11,4.89,1
3708,7.4,191,4.16,1
3709,7.8,149,4.93,1
3710,7.5,116,4.28,1
3711,6.9,108,4.76,1
3712,7.5,162,4.17,1
3713,7.8,40,4.79,1
3714,7.4,185,4.55,1
3715,6.7,29,4.5,1
3716,7.2,32,4.44,1
3717,7.2,157,4.47,1
3718,7.6,159,4.42,1
3719,7.6,89,4.57,1
3720,7.6,72,4.66,1
3721,7.1,175,4.57,1
3722,6.9,14,4.77,1
3723,6.7,15,4.56,1
3724,7.6,41,4.55,1
3725,7.1,40,4.75,1
3726,7.3,105,4.82,1
3727,7.6,51,4.58,1
3728,7.1,195,4.3,1
3729,6.8,48,4.77,1
3730,6.7,187,4.87,1
3731,7.3,166,4.76,1
3732,7.8,189,4.28,1
3733,7.5,104,4.91,1
3734,6.9,41,4.75,1
3735,7.0,9,4.22,1
3736,7.1,141,4.65,1
3737,7.9,74,4.43,1
3738,7.6,124,4.18,1
3739,7.7,199,4.48,1
3740,7.8,31,4.76,1
3741,7.6,42,4.55,1
3742,7.6,40,4.34,1
3743,7.6,175,4.76,1
3744,7.6,4,4.8,1
3745,7.1,20,4.29,1
3746,7.0,89,4.89,1
3747,7.1,62,4.25,1
3748,7.8,75,4.96,1
3749,7.2,21,4.81,1
3750,7.8,52,4.46,1
3751,6.7,80,4.67,1
3752,7.3,182,4.19,1
3753,6.8,176,4.77,1
3754,7.7,50,4.73,1
3755,6.8,49,4.38,1
3756,6.7,26,4.82,1
3757,7.9,139,4.61,1
3758,6.9,162,4.93,1
3759,7.5,64,4.53,1
3760,6.7,83,4.7,1
3761,7.3,58,4.85,1
3762,7.4,173,4.63,1
3763,7.9,149,4.72,1
3764,7.3,59,4.4,1
3765,7.4,105,4.61,1
3766,7.8,59,4.44,1
3767,6.9,73,4.21,1
3768,7.4,23,4.88,1
3769,7.3,92,4.44,1
3770,7.8,96,4.63,1
3771,7.3,147,4.19,1
3772,6.7,139,4.76,1
3773,6.9,61,4.49,1
3774,7.8,50,4.22,1
3775,7.2,160,4.22,1
3776,7.8,69,4.28,1
3777,7.9,66,4.75,1
3778,7.5,158,4.46,1
3779,6.8,170,4.71,1
3780,6.8,160,4.32,1
3781,7.2,191,4.56,1
3782,6.8,95,4.46,1
3783,6.8,57,4.77,1
3784,7.4,161,4.19,1
3785,7.0,31,4.29,1
3786,6.9,197,4.92,1
3787,7.3,70,4.18,1
3788,7.8,157,4.95,1
3789,6.9,186,4.6,1
3790,6.9,109,4.93,1
3791,7.5,28,4.64,1
3792,7.2,162,4.23,1
3793,7.4,62,4.35,1
3794,7.5,49,4.49,1
3795,7.9,14,4.92,1
3796,7.0,86,4.35,1
3797,7.5,75,4.16,1
3798,6.8,145,4.47,1
3799,7.5,151,4.25,1
3800,7.2,92,4.8,1
3801,7.8,47,4.92,1
3802,7.4,6,4.15,1
3803,7.8,71,4.72,1
3804,7.3,94,4.34,1
3805,7.3,135,4.67,1
3806,7.3,10,4.84,1
3807,7.1,12,4.24,1
3808,6.9,95,4.53,1
3809,7.1,46,4.7,1
3810,7.1,59,4.73,1
3811,6.8,177,4.47,1
3812,7.3,196,4.85,1
3813,6.9,154,4.47,1
3814,7.4,104,4.57,1
3815,7.1,12,4.99,1
3816,7.7,115,4.73,1
3817,7.2,18,4.92,1
3818,7.9,24,4.65,1
3819,7.4,62,4.15,1
3820,7.3,166,4.72,1
3821,6.8,70,4.59,1
3822,7.7,153,4.74,1
3823,7.1,123,4.79,1
3824,6.7,140,4.39,1
3825,7.0,66,4.67,1
3826,7.0,159,4.9,1
3827,6.8,181,4.81,1
3828,6.7,85,4.8,1
3829,7.0,162,4.71,1
3830,7.9,188,4.77,1
3831,7.4,185,4.33,1
3832,6.9,75,4.54,1
3833,6.9,142,4.87,1
3834,6.8,69,4.16,1
3835,6.9,48,4.94,1
3836,7.5,197,4.43,1
3837,7.1,63,4.87,1
3838,7.5,41,4.38,1
3839,7.2,123,4.59,1
3840,6.9,151,4.32,1
3841,6.8,66,4.93,1
3842,7.4,131,4.54,1
3843,7.0,78,4.27,1
3844,7.0,122,4.78,1
3845,6.9,21,4.39,1
3846,7.4,182,4.59,1
3847,6.7,99,4.44,1
3848,7.0,51,4.98,1
3849,6.7,48,4.47,1
3850,6.8,81,4.23,1
3851,7.1,99,4.45,1
3852,6.7,86,4.35,1
3853,7.6,153,4.49,1
3854,7.2,123,4.46,1
3855,6.7,191,4.48,1
3856,7.7,21,4.29,1
3857,7.1,95,4.94,1
3858,7.1,161,4.82,1
3859,7.4,134,4.16,1
3860,7.5,50,4.26,1
3861,7.3,128,4.25,1
3862,7.2,156,4.67,1
3863,7.4,89,4.16,1
3864,7.5,160,4.68,1
3865,7.8,97,4.43,1
3866,6.9,61,4.46,1
3867,7.6,91,4.64,1
3868,6.9,197,4.34,1
3869,7.8,54,4.64,1
3870,7.6,160,4.49,1
3871,7.4,192,4.62,1
3872,7.7,121,4.63,1
3873,6.8,139,4.86,1
3874,6.7,85,4.23,1
3875,6.7,1,4.59,1
3876,7.5,13,4.82,1
3877,7.0,185,4.99,1
3878,7.5,43,4.17,1
3879,7.6,14,4.18,1
3880,7.8,191,4.5,1
3881,7.8,44,4.22,1
3882,7.9,61,4.33,1
3883,7.3,38,4.73,1
3884,7.8,42,4.26,1
3885,7.8,170,4.81,1
3886,7.4,27,4.82,1
3887,7.7,187,4.43,1
3888,7.2,189,4.7,1
3889,7.7,40,4.62,1
3890,7.3,166,4.5,1
3891,7.2,86,4.98,1
3892,7.2,84,4.28,1
3893,7.3,71,4.52,1
3894,7.7,96,4.55,1
3895,7.5,68,4.96,1
3896,7.1,12,4.6,1
3897,7.9,81,4.47,1
3898,7.2,66,4.33,1
3899,7.9,31,4.68,1
3900,7.7,18,4.72,1
3901,7.3,175,4.46,1
3902,7.2,53,4.92,1
3903,7.4,16,4.42,1
3904,6.7,162,4.17,1
3905,7.4,138,4.57,1
3906,7.6,108,4.51,1
3907,6.8,100,4.62,1
3908,7.9,114,4.73,1
3909,7.5,6,4.2,1
3910,7.0,140,4.92,1
3911,7.1,181,4.86,1
3912,7.8,134,4.39,1
3913,7.1,179,4.83,1
3914,7.8,59,4.76,1
3915,7.7,58,4.63,1
3916,7.4,170,4.93,1
3917,7.6,117,4.32,1
3918,7.0,131,4.22,1
3919,7.4,74,4.24,1
3920,6.9,124,4.22,1
3921,6.8,66,4.2,1
3922,7.6,179,4.29,1
3923,7.6,103,4.32,1
3924,7.5,10,4.87,1
3925,6.9,73,4.83,1
3926,6.9,175,4.15,1
3927,7.8,185,4.76,1
3928,6.7,111,4.15,1
3929,7.7,32,4.2,1
3930,7.2,10,4.8,1
3931,7.2,17,4.49,1
3932,6.7,37,4.86,1
3933,7.6,125,4.19,1
3934,7.1,12,4.59,1
3935,6.7,0,4.26,1
3936,6.9,71,4.86,1
3937,7.7,86,4.16,1
3938,7.1,49,4.72,1
3939,7.8,139,4.6,1
3940,7.1,163,4.63,1
3941,7.2,76,4.16,1
3942,7.3,76,4.56,1
3943,6.9,55,4.36,1
3944,7.4,99,4.49,1
3945,7.4,105,4.46,1
3946,7.6,120,4.7,1
3947,7.8,85,4.66,1
3948,7.6,6,4.53,1
3949,7.4,51,4.71,1
3950,7.6,1,4.34,1
3951,7.9,192,4.26,1
3952,7.2,25,4.7,1
3953,6.7,49,4.37,1
3954,6.8,8,4.96,1
3955,7.2,99,4.74,1
3956,7.8,62,4.47,1
3957,6.8,76,4.7,1
3958,7.7,6,4.26,1
3959,7.5,9,4.54,1
3960,7.1,25,4.45,1
3961,6.7,128,4.16,1
3962,7.4,3,4.17,1
3963,7.9,9,4.16,1
3964,7.6,129,4.51,1
3965,7.9,40,4.68,1
3966,7.8,175,4.95,1
3967,7.1,63,4.56,1
3968,7.8,30,4.79,1
3969,6.9,35,4.42,1
3970,7.2,177,4.9,1
3971,7.9,74,4.82,1
3972,7.0,49,4.51,1
3973,6.9,138,4.73,1
3974,7.6,85,4.29,1
3975,7.2,21,4.89,1
3976,6.7,9,4.44,1
3977,7.3,144,4.93,1
3978,7.8,94,4.18,1
3979,6.7,117,4.19,1
3980,7.1,55,4.47,1
3981,7.3,165,4.53,1
3982,6.8,196,4.28,1
3983,7.9,173,4.97,1
3984,7.5,145,4.39,1
3985,7.4,6,4.41,1
3986,7.3,15,4.21,1
3987,7.4,179,4.41,1
3988,7.3,131,4.94,1
3989,7.3,141,4.54,1
3990,7.2,103,4.42,1
3991,7.1,187,4.53,1
3992,7.2,37,4.88,1
3993,6.8,78,4.17,1
3994,7.0,59,4.17,1
3995,7.9,168,4.54,1
3996,7.2,62,4.71,1
3997,7.3,148,4.75,1
3998,7.3,34,4.36,1
3999,7.3,180,4.59,1
4000,7.0,132,4.42,1
4001,7.1,162,4.31,1
4002,7.9,56,4.83,1
4003,7.3,71,4.38,1
4004,7.1,162,4.19,1
4005,7.6,133,4.24,1
4006,7.3,48,4.6,1
4007,7.5,10,4.46,1
4008,6.7,81,4.81,1
4009,7.7,124,4.71,1
4010,7.2,196,4.81,1
4011,7.0,195,4.8,1
4012,7.2,24,4.38,1
4013,7.8,25,4.9,1
4014,7.0,86,4.18,1
4015,7.7,43,4.23,1
4016,7.0,13,4.75,1
4017,7.4,23,4.3,1
4018,6.9,56,4.31,1
4019,6.7,14,4.23,1
4020,6.7,144,4.43,1
4021,7.8,71,4.36,1
4022,7.6,80,4.72,1
4023,7.1,159,4.76,1
4024,7.3,104,4.49,1
4025,7.0,6,4.28,1
4026,7.9,20,4.2,1
4027,7.9,102,4.3,1
4028,7.5,148,4.23,1
4029,7.2,13,4.83,1
4030,7.0,113,4.17,1
4031,7.1,156,4.43,1
4032,6.9,27,4.34,1
4033,7.5,104,4.33,1
4034,7.2,163,4.94,1
4035,6.7,135,4.54,1
4036,6.7,53,4.85,1
4037,6.7,162,4.22,1
4038,7.6,79,4.51,1
4039,6.8,29,4.74,1
4040,7.6,6,4.53,1
4041,7.5,53,4.74,1
4042,7.8,109,4.56,1
4043,6.9,91,4.22,1
4044,7.9,128,4.95,1
4045,6.8,196,4.61,1
4046,7.9,56,4.65,1
4047,6.9,83,4.16,1
4048,7.0,162,4.99,1
4049,7.6,92,4.9,1
4050,7.9,150,4.85,1
4051,7.9,49,4.62,1
4052,7.4,85,4.99,1
4053,7.1,106,4.94,1
4054,7.9,138,4.4,1
4055,7.4,18,4.22,1
4056,7.5,144,4.54,1
4057,7.3,144,4.86,1
4058,7.2,197,4.46,1
4059,6.7,162,4.15,1
4060,7.8,31,4.64,1
4061,7.7,110,4.83,1
4062,7.4,140,4.36,1
4063,7.1,184,4.29,1
4064,7.9,171,4.57,1
4065,7.6,12,4.22,1
4066,7.4,152,4.22,1
4067,6.8,36,4.78,1
4068,7.9,196,4.74,1
4069,6.7,48,4.83,1
4070,6.7,73,4.43,1
4071,7.3,176,4.88,1
4072,6.8,44,4.49,1
4073,6.9,155,4.38,1
4074,7.8,171,4.29,1
4075,7.2,57,4.82,1
4076,7.6,191,4.53,1
4077,7.1,158,4.18,1
4078,7.5,79,4.65,1
4079,6.7,65,4.95,1
4080,7.4,131,4.93,1
4081,7.2,100,4.99,1
4082,7.1,174,4.66,1
4083,7.6,31,4.64,1
4084,7.7,165,4.37,1
4085,7.0,117,4.94,1
4086,7.0,94,4.23,1
4087,7.0,25,4.4,1
4088,6.7,139,4.58,1
4089,7.2,188,4.87,1
4090,6.8,195,4.22,1
4091,7.5,103,4.85,1
4092,7.3,179,4.6,1
4093,7.2,78,4.61,1
4094,7.0,176,4.48,1
4095,7.2,59,4.91,1
4096,7.8,107,4.72,1
4097,6.7,159,4.59,1
4098,7.6,81,4.49,1
4099,7.3,102,4.8,1
4100,6.9,16,4.94,1
4101,6.7,46,4.55,1
4102,7.4,193,4.94,1
4103,7.8,126,4.67,1
4104,7.3,0,4.81,1
4105,6.7,139,4.78,1
4106,7.9,156,4.52,1
4107,7.6,31,4.64,1
4108,7.2,73,4.56,1
4109,7.4,120,4.44,1
4110,7.2,79,4.78,1
4111,7.3,114,4.49,1
4112,7.0,68,4.69,1
4113,7.2,143,4.58,1
4114,7.0,48,4.75,1
4115,7.9,19,4.85,1
4116,7.8,151,4.5,1
4117,7.2,112,4.32,1
4118,7.3,195,4.44,1
4119,6.9,96,4.89,1
4120,7.8,187,4.46,1
4121,7.1,76,4.33,1
4122,6.9,173,4.93,1
4123,6.8,135,4.69,1
4124,7.8,187,4.3,1
4125,6.7,114,4.58,1
4126,6.7,171,4.39,1
4127,6.9,7,4.39,1
4128,7.4,182,4.28,1
4129,6.9,154,4.31,1
4130,7.6,175,4.61,1
4131,7.0,21,4.17,1
4132,7.0,105,4.57,1
4133,7.4,74,4.43,1
4134,7.4,125,4.45,1
4135,6.7,78,4.22,1
4136,7.9,106,4.78,1
4137,6.8,151,4.75,1
4138,7.1,7,4.79,1
4139,7.1,25,4.7,1
4140,7.5,33,4.97,1
4141,7.9,169,4.49,1
4142,7.0,14,4.91,1
4143,6.7,90,4.92,1
4144,7.8,85,4.18,1
4145,7.6,52,4.38,1
4146,7.9,186,4.68,1
4147,6.9,52,4.57,1
4148,7.6,124,4.36,1
4149,6.8,103,4.32,1
4150,7.2,112,4.25,1
4151,7.4,55,4.2,1
4152,6.8,86,4.51,1
4153,6.8,85,4.99,1
4154,6.7,39,4.31,1
4155,7.8,67,4.75,1
4156,6.8,185,4.52,1
4157,7.4,152,4.64,1
4158,7.4,70,4.66,1
4159,7.4,194,4.62,1
4160,7.7,54,4.54,1
4161,6.7,74,4.65,1
4162,7.6,134,4.26,1
4163,7.7,152,4.81,1
4164,7.8,116,4.73,1
4165,6.7,148,4.76,1
4166,7.7,125,4.17,1
4167,7.7,119,4.75,1
4168,7.3,133,4.66,1
4169,6.7,7,4.93,1
4170,7.6,15,4.19,1
4171,7.4,49,4.15,1
4172,6.9,94,4.89,1
4173,7.0,157,4.8,1
4174,7.4,178,4.37,1
4175,6.8,195,4.59,1
4176,7.9,198,4.48,1
4177,7.2,51,4.23,1
4178,7.6,143,4.91,1
4179,7.5,28,4.57,1
4180,7.6,16,4.34,1
4181,7.2,131,4.98,1
4182,6.9,144,4.36,1
4183,6.8,123,4.76,1
4184,7.7,152,4.75,1
4185,6.8,164,4.16,1
4186,7.5,190,4.98,1
4187,7.3,195,4.18,1
4188,7.8,92,4.91,1
4189,7.6,164,4.88,1
4190,6.7,77,4.94,1
4191,6.8,28,4.97,1
4192,7.6,69,4.39,1
4193,7.3,43,4.47,1
4194,7.7,164,4.82,1
4195,7.2,56,4.63,1
4196,6.9,1,4.31,1
4197,7.3,172,4.17,1
4198,7.7,0,4.3,1
4199,7.1,188,4.63,1
4200,7.9,9,4.91,1
4201,7.4,46,4.51,1
4202,7.9,21,4.74,1
4203,7.8,176,4.23,1
4204,7.6,102,4.35,1
4205,6.9,92,4.47,1
4206,7.8,16,4.99,1
4207,7.8,8,4.74,1
4208,7.8,85,4.71,1
4209,7.3,37,4.33,1
4210,6.8,150,4.24,1
4211,7.9,123,4.4,1
4212,7.0,98,4.3,1
4213,7.8,96,4.33,1
4214,7.6,50,4.35,1
4215,7.6,25,4.51,1
4216,6.9,134,4.49,1
4217,6.8,128,4.71,1
4218,7.0,6,4.37,1
4219,7.7,177,4.97,1
4220,7.2,165,4.76,1
4221,7.3,54,4.94,1
4222,7.0,81,4.15,1
4223,7.3,73,4.32,1
4224,7.3,161,4.63,1
4225,7.8,163,4.45,1
4226,7.6,170,4.32,1
4227,7.3,126,4.89,1
4228,7.4,158,4.5,1
4229,7.4,130,4.53,1
4230,7.4,153,4.74,1
4231,6.8,82,4.84,1
4232,6.9,110,4.5,1
4233,7.4,3,4.72,1
4234,7.8,42,4.3,1
4235,6.9,34,4.19,1
4236,7.8,142,4.51,1
4237,7.7,115,4.21,1
4238,7.0,70,4.19,1
4239,6.7,167,4.28,1
4240,6.9,37,4.74,1
4241,7.9,99,4.36,1
4242,7.0,161,4.54,1
4243,7.1,80,4.56,1
4244,7.5,65,4.86,1
4245,6.8,191,4.54,1
4246,7.3,137,4.59,1
4247,7.5,178,4.17,1
4248,7.5,22,4.8,1
4249,6.7,65,4.71,1
4250,7.9,156,4.86,1
4251,7.1,150,4.44,1
4252,7.1,130,4.82,1
4253,7.5,19,4.25,1
4254,7.7,83,4.27,1
4255,7.5,132,4.82,1
4256,7.0,112,4.28,1
4257,7.8,151,4.44,1
4258,6.9,135,4.16,1
4259,7.5,180,4.29,1
4260,7.2,129,4.38,1
4261,7.3,123,4.52,1
4262,7.7,45,4.28,1
4263,7.6,167,4.48,1
4264,7.5,31,4.76,1
4265,6.7,92,4.32,1
4266,7.1,96,4.21,1
4267,7.0,190,4.37,1
4268,7.5,16,4.63,1
4269,7.8,37,4.41,1
4270,7.2,178,4.93,1
4271,7.7,102,4.54,1
4272,7.4,83,4.49,1
4273,7.4,54,4.58,1
4274,7.2,155,4.75,1
4275,7.6,32,4.33,1
4276,7.3,108,4.67,1
4277,6.9,126,4.5,1
4278,7.1,13,4.31,1
4279,7.7,183,4.76,1
4280,7.7,60,4.2,1
4281,7.5,123,4.4,1
4282,7.4,66,4.3,1
4283,6.7,103,4.3,1
4284,7.9,7,4.24,1
4285,7.6,24,4.17,1
4286,7.8,131,4.53,1
4287,6.8,122,4.99,1
4288,7.5,134,4.46,1
4289,6.8,157,4.47,1
4290,7.8,41,4.5,1
4291,7.3,116,4.33,1
4292,7.6,82,4.29,1
4293,7.2,199,4.59,1
4294,7.1,55,4.22,1
4295,7.2,124,4.45,1
4296,7.9,176,4.39,1
4297,7.0,177,4.39,1
4298,7.1,192,4.35,1
4299,7.7,84,4.19,1
4300,7.0,188,4.82,1
4301,7.4,119,4.92,1
4302,7.0,47,4.35,1
4303,7.9,130,4.81,1
4304,6.9,27,4.47,1
4305,6.9,191,4.87,1
4306,7.8,85,4.72,1
4307,6.9,125,4.65,1
4308,7.3,79,4.42,1
4309,7.2,90,4.26,1
4310,7.2,139,4.22,1
4311,7.6,139,4.17,1
4312,6.9,71,4.81,1
4313,6.8,100,4.22,1
4314,7.1,12,4.31,1
4315,7.2,94,4.28,1
4316,7.2,134,4.68,1
4317,7.4,43,4.38,1
4318,6.7,196,4.5,1
4319,7.1,134,4.39,1
4320,7.6,183,4.54,1
4321,7.9,74,4.77,1
4322,7.0,165,4.31,1
4323,7.3,162,4.5,1
4324,7.9,155,4.53,1
4325,6.8,112,4.17,1
4326,7.2,68,4.59,1
4327,6.8,37,4.71,1
4328,6.8,166,4.18,1
4329,7.6,38,4.57,1
4330,7.6,54,4.83,1
4331,7.8,164,4.39,1
4332,7.9,4,4.46,1
4333,7.0,174,4.94,1
4334,6.7,169,4.6,1
4335,7.2,117,4.63,1
4336,6.7,192,4.55,1
4337,7.8,138,4.24,1
4338,7.8,75,4.24,1
4339,7.7,6,4.66,1
4340,7.5,108,4.91,1
4341,7.0,168,4.3,1
4342,7.1,156,4.31,1
4343,7.2,99,4.63,1
4344,7.0,68,4.4,1
4345,7.3,2,4.24,1
4346,7.5,115,4.89,1
4347,7.3,15,4.79,1
4348,6.8,32,4.34,1
4349,7.5,108,4.89,1
4350,7.7,76,4.64,1
4351,6.9,1,4.39,1
4352,7.4,155,4.99,1
4353,6.7,71,4.27,1
4354,6.8,82,4.63,1
4355,7.1,197,4.57,1
4356,7.1,191,4.7,1
4357,6.9,64,4.91,1
4358,7.0,18,4.39,1
4359,6.7,127,4.74,1
4360,7.0,74,4.4,1
4361,7.2,70,4.35,1
4362,7.1,147,4.18,1
4363,7.0,112,4.35,1
4364,7.1,51,4.64,1
4365,7.6,42,4.36,1
4366,7.6,122,4.32,1
4367,7.3,45,4.78,1
4368,7.4,189,4.99,1
4369,6.8,176,4.62,1
4370,7.2,137,4.42,1
4371,7.5,16,4.67,1
4372,7.9,182,4.46,1
4373,7.7,11,4.27,1
4374,7.8,134,4.22,1
4375,6.9,51,4.33,1
4376,6.9,59,4.72,1
4377,7.6,59,4.23,1
4378,7.9,68,4.75,1
4379,7.2,194,4.18,1
4380,7.9,83,4.99,1
4381,7.7,88,4.28,1
4382,7.3,178,4.16,1
4383,7.2,73,4.73,1
4384,6.8,156,4.69,1
4385,7.8,136,4.99,1
4386,7.1,185,4.83,1
4387,6.9,92,4.71,1
4388,7.4,69,4.83,1
4389,6.8,197,4.98,1
4390,7.7,16,4.37,1
4391,6.9,127,4.52,1
4392,6.9,177,4.29,1
4393,6.9,105,4.2,1
4394,6.9,103,4.22,1
4395,6.8,69,4.41,1
4396,7.7,68,4.78,1
4397,7.0,162,4.27,1
4398,7.0,149,4.79,1
4399,7.8,177,4.38,1
4400,7.4,148,4.77,1
4401,6.7,133,4.39,1
4402,7.6,32,4.21,1
4403,6.8,194,4.16,1
4404,7.2,102,4.22,1
4405,7.2,25,4.2,1
4406,7.6,34,4.44,1
4407,7.9,41,4.61,1
4408,7.4,5,4.24,1
4409,7.5,23,4.83,1
4410,7.7,116,4.65,1
4411,6.8,92,4.35,1
4412,7.8,8,4.23,1
4413,7.0,182,4.96,1
4414,7.4,47,4.9,1
4415,6.9,175,4.38,1
4416,7.6,101,4.65,1
4417,7.5,146,4.7,1
4418,7.5,178,4.4,1
4419,6.8,112,4.71,1
4420,6.7,134,4.32,1
4421,7.2,7,4.95,1
4422,7.7,124,4.44,1
4423,7.0,74,4.35,1
4424,7.2,91,4.22,1
4425,7.5,24,4.58,1
4426,7.0,169,4.97,1
4427,7.9,117,4.48,1
4428,6.8,193,4.99,1
4429,6.9,6,4.38,1
4430,7.8,127,4.94,1
4431,7.3,118,4.58,1
4432,7.9,88,4.24,1
4433,7.3,17,4.27,1
4434,7.9,102,4.22,1
4435,7.6,54,4.91,1
4436,7.4,33,4.61,1
4437,7.2,65,4.84,1
4438,7.4,100,4.19,1
4439,7.6,119,4.34,1
4440,7.8,71,4.57,1
4441,7.9,92,4.86,1
4442,6.7,151,4.79,1
4443,7.1,104,4.26,1
4444,7.7,76,4.3,1
4445,6.8,190,4.33,1
4446,7.1,125,4.24,1
4447,7.4,4,4.53,1
4448,7.6,33,4.42,1
4449,6.7,5,4.22,1
4450,7.0,53,4.76,1
4451,7.0,111,4.49,1
4452,7.4,64,4.45,1
4453,7.3,20,4.97,1
4454,7.8,149,4.77,1
4455,6.9,59,4.9,1
4456,6.9,184,4.89,1
4457,7.7,115,4.9,1
4458,7.4,103,4.47,1
4459,7.7,13,4.74,1
4460,7.1,92,4.87,1
4461,7.9,8,4.19,1
4462,7.9,120,4.22,1
4463,7.5,126,4.79,1
4464,7.6,90,4.81,1
4465,6.8,89,4.83,1
4466,7.1,47,4.66,1
4467,7.4,192,4.48,1
4468,7.9,1,4.66,1
4469,7.8,94,4.15,1
4470,6.7,170,4.39,1
4471,6.9,168,4.8,1
4472,7.8,61,4.15,1
4473,7.5,4,4.78,1
4474,7.1,127,4.2,1
4475,7.3,16,4.31,1
4476,7.9,72,4.93,1
4477,7.6,103,4.94,1
4478,7.3,114,4.88,1
4479,7.7,166,4.16,1
4480,7.6,68,4.96,1
4481,7.2,28,4.85,1
4482,7.4,186,4.67,1
4483,7.5,180,4.44,1
4484,7.1,58,4.54,1
4485,6.9,97,4.25,1
4486,7.9,155,4.95,1
4487,7.2,94,4.62,1
4488,7.5,38,4.69,1
4489,7.8,72,4.96,1
4490,7.2,178,4.82,1
4491,6.7,110,4.6,1
4492,7.6,129,4.92,1
4493,6.9,105,4.99,1
4494,7.8,37,4.8,1
4495,6.8,179,4.92,1
4496,7.3,114,4.49,1
4497,7.0,135,4.16,1
4498,7.4,73,4.52,1
4499,7.5,76,4.28,1
4500,7.5,87,4.67,1
4501,7.6,11,4.16,1
4502,6.7,167,4.93,1
4503,7.7,54,4.85,1
4504,7.1,109,4.53,1
4505,6.7,32,4.6,1
4506,6.9,74,4.35,1
4507,7.9,154,4.19,1
4508,6.9,0,4.53,1
4509,7.5,18,4.51,1
4510,6.7,112,4.37,1
4511,6.8,8,4.65,1
4512,6.8,61,4.89,1
4513,6.7,49,4.85,1
4514,7.9,154,4.35,1
4515,7.1,1,4.45,1
4516,7.4,117,4.46,1
4517,7.6,117,4.32,1
4518,7.6,60,4.18,1
4519,7.3,162,4.49,1
4520,7.9,53,4.78,1
4521,7.9,112,4.42,1
4522,7.3,179,4.97,1
4523,7.3,139,4.31,1
4524,7.4,66,4.18,1
4525,7.4,106,4.28,1
4526,7.1,3,4.16,1
4527,7.1,97,4.39,1
4528,7.7,196,4.77,1
4529,7.2,27,4.53,1
4530,6.7,67,4.57,1
4531,7.3,67,4.74,1
4532,6.9,119,4.75,1
4533,7.0,85,4.2,1
4534,7.0,29,4.15,1
4535,6.9,122,4.6,1
4536,7.8,173,4.69,1
4537,7.4,27,4.47,1
4538,7.6,78,4.79,1
4539,7.7,72,4.33,1
4540,7.1,81,4.94,1
4541,7.4,101,4.45,1
4542,7.6,36,4.29,1
4543,7.9,54,4.31,1
4544,6.8,145,4.92,1
4545,7.8,11,4.63,1
4546,7.5,186,4.34,1
4547,7.5,188,4.74,1
4548,7.8,50,4.71,1
4549,7.7,84,4.8,1
4550,7.1,188,4.46,1
4551,7.3,121,4.58,1
4552,7.0,126,4.97,1
4553,7.4,163,4.39,1
4554,6.9,183,4.29,1
4555,7.3,123,4.24,1
4556,7.1,133,4.73,1
4557,7.4,48,4.32,1
4558,6.9,199,4.89,1
4559,7.9,24,4.51,1
4560,7.9,162,4.55,1
4561,7.6,161,4.63,1
4562,6.9,119,4.7,1
4563,7.8,46,4.77,1
4564,6.8,33,4.69,1
4565,6.9,79,4.94,1
4566,7.2,78,4.63,1
4567,6.8,107,4.94,1
4568,7.6,7,4.66,1
4569,7.3,100,4.22,1
4570,7.0,152,4.48,1
4571,7.8,135,4.97,1
4572,7.2,70,4.82,1
4573,7.8,66,4.4,1
4574,6.9,103,4.15,1
4575,7.3,88,4.71,1
4576,7.6,95,4.94,1
4577,7.0,110,4.22,1
4578,7.4,31,4.33,1
4579,7.9,154,4.61,1
4580,6.7,147,4.84,1
4581,7.4,185,4.21,1
4582,7.3,106,4.76,1
4583,6.8,178,4.58,1
4584,6.8,32,4.3,1
4585,7.2,87,4.35,1
4586,6.8,94,4.24,1
4587,7.8,19,4.89,1
4588,6.9,181,4.47,1
4589,7.7,64,4.48,1
4590,6.9,38,4.32,1
4591,7.2,128,4.66,1
4592,7.6,10,4.89,1
4593,6.7,14,4.64,1
4594,6.9,10,4.23,1
4595,6.9,107,4.81,1
4596,6.9,181,4.81,1
4597,7.1,171,4.35,1
4598,7.1,23,4.34,1
4599,7.6,193,4.3,1
4600,6.7,161,4.67,1
4601,7.1,18,4.73,1
4602,6.8,175,4.99,1
4603,7.7,171,4.24,1
4604,6.7,4,4.18,1
4605,7.0,90,4.75,1
4606,7.0,196,4.62,1
4607,7.2,7,4.48,1
4608,7.6,34,4.6,1
4609,6.9,66,4.31,1
4610,6.8,175,4.27,1
4611,7.2,11,4.39,1
4612,7.9,181,4.19,1
4613,7.0,194,4.63,1
4614,6.9,120,4.76,1
4615,7.9,173,4.93,1
4616,7.0,52,4.83,1
4617,7.0,96,4.27,1
4618,7.6,28,4.34,1
4619,6.9,167,4.53,1
4620,7.1,26,4.71,1
4621,7.4,66,4.45,1
4622,7.5,189,4.19,1
4623,7.3,56,4.31,1
4624,7.3,11,4.86,1
4625,7.2,14,4.15,1
4626,6.8,78,4.76,1
4627,7.6,25,4.54,1
4628,7.9,56,4.94,1
4629,7.2,104,4.31,1
4630,7.4,139,4.93,1
4631,6.7,183,4.95,1
4632,7.4,30,4.37,1
4633,7.1,100,4.66,1
4634,7.3,181,4.5,1
4635,7.0,151,4.78,1
4636,7.9,93,4.75,1
4637,6.8,10,4.74,1
4638,6.9,172,4.59,1
4639,7.1,29,4.29,1
4640,6.9,191,4.73,1
4641,7.1,61,4.38,1
4642,7.0,52,4.73,1
4643,6.9,10,4.18,1
4644,7.9,147,4.67,1
4645,6.9,55,4.61,1
4646,7.9,43,4.95,1
4647,6.9,144,4.49,1
4648,7.0,76,4.42,1
4649,7.6,131,4.2,1
4650,7.9,71,4.66,1
4651,6.8,182,4.97,1
4652,7.3,7,4.6,1
4653,7.1,124,4.96,1
4654,7.4,123,4.48,1
4655,7.7,45,4.43,1
4656,7.9,145,4.89,1
4657,7.9,187,4.61,1
4658,7.5,100,4.18,1
4659,7.6,96,4.16,1
4660,6.9,100,4.24,1
4661,7.8,45,4.65,1
4662,7.5,83,4.17,1
4663,7.7,97,4.56,1
4664,6.9,63,4.52,1
4665,7.8,106,4.97,1
4666,6.8,126,4.85,1
4667,7.4,92,4.57,1
4668,6.8,81,4.63,1
4669,7.7,113,4.5,1
4670,7.3,107,4.88,1
4671,7.3,43,4.19,1
4672,7.6,178,4.69,1
4673,7.9,160,4.98,1
4674,7.2,97,4.68,1
4675,7.4,71,4.41,1
4676,7.5,61,4.62,1
4677,6.7,23,4.53,1
4678,7.3,12,4.31,1
4679,7.1,1,4.34,1
4680,6.8,126,4.27,1
4681,6.8,183,4.78,1
4682,7.5,79,4.32,1
4683,7.9,174,4.61,1
4684,6.8,63,4.6,1
4685,7.3,150,4.37,1
4686,7.0,143,4.79,1
4687,7.1,67,4.72,1
4688,6.7,23,4.22,1
4689,7.9,56,4.34,1
4690,7.2,43,4.3,1
4691,6.9,118,4.34,1
4692,7.8,139,4.43,1
4693,7.8,16,4.91,1
4694,6.8,163,4.39,1
4695,6.9,169,4.43,1
4696,7.5,156,4.71,1
4697,7.0,172,4.44,1
4698,7.3,124,4.72,1
4699,6.9,131,4.82,1
4700,7.3,53,4.36,1
4701,7.0,153,4.62,1
4702,7.6,34,4.43,1
4703,6.9,180,4.17,1
4704,7.8,198,4.56,1
4705,6.7,32,4.25,1
4706,7.7,187,4.77,1
4707,7.5,4,4.34,1
4708,7.7,117,4.35,1
4709,7.3,129,4.86,1
4710,7.1,176,4.17,1
4711,7.1,115,4.76,1
4712,7.7,129,4.83,1
4713,7.3,113,4.19,1
4714,7.5,29,4.26,1
4715,7.9,37,4.28,1
4716,7.4,20,4.52,1
4717,7.1,121,4.96,1
4718,7.3,105,4.62,1
4719,7.9,14,4.65,1
4720,7.0,48,4.42,1
4721,7.4,56,4.44,1
4722,7.9,23,4.94,1
4723,7.3,139,4.82,1
4724,7.2,104,4.54,1
4725,7.9,168,4.31,1
4726,7.9,160,4.27,1
4727,7.3,168,4.66,1
4728,6.9,121,4.76,1
4729,7.2,94,4.72,1
4730,7.1,179,4.97,1
4731,7.5,69,4.44,1
4732,7.9,153,4.33,1
4733,6.7,70,4.92,1
4734,7.7,186,4.62,1
4735,7.1,121,4.77,1
4736,7.7,8,4.18,1
4737,6.8,124,4.19,1
4738,7.6,149,4.94,1
4739,6.9,101,4.24,1
4740,7.4,105,4.65,1
4741,7.3,47,4.83,1
4742,7.2,31,4.51,1
4743,7.6,44,4.56,1
4744,7.4,103,4.74,1
4745,6.9,162,4.54,1
4746,7.2,122,4.34,1
4747,7.3,122,4.62,1
4748,7.3,111,4.64,1
4749,7.3,196,4.69,1
4750,7.9,173,4.34,1
4751,7.0,197,4.74,1
4752,7.0,104,4.37,1
4753,7.6,136,4.15,1
4754,7.2,8,4.71,1
4755,7.5,18,4.24,1
4756,7.6,134,4.8,1
4757,7.1,188,4.22,1
4758,7.8,137,4.75,1
4759,7.4,153,4.45,1
4760,7.9,98,4.98,1
4761,7.3,180,4.44,1
4762,7.7,150,4.97,1
4763,6.7,71,4.81,1
4764,7.9,63,4.34,1
4765,7.2,176,4.16,1
4766,7.8,94,4.54,1
4767,7.1,27,4.32,1
4768,7.1,86,4.18,1
4769,7.4,111,4.72,1
4770,6.9,155,4.25,1
4771,7.5,178,4.54,1
4772,7.0,159,4.31,1
4773,7.5,178,4.78,1
4774,7.5,115,4.57,1
4775,7.1,174,4.24,1
4776,7.5,23,4.15,1
4777,6.9,172,4.94,1
4778,6.7,39,4.89,1
4779,7.4,104,4.75,1
4780,7.1,112,4.36,1
4781,7.7,65,4.21,1
4782,7.8,196,4.57,1
4783,7.9,60,4.56,1
4784,7.5,148,4.68,1
4785,6.9,23,4.52,1
4786,7.0,37,4.69,1
4787,7.5,73,4.45,1
4788,7.0,184,4.87,1
4789,6.9,128,4.84,1
4790,6.7,64,4.8,1
4791,6.8,69,4.91,1
4792,6.8,127,4.52,1
4793,6.9,59,4.57,1
4794,6.7,114,4.93,1
4795,6.8,34,4.92,1
4796,7.8,102,4.33,1
4797,7.6,190,4.62,1
4798,7.6,91,4.91,1
4799,7.8,149,4.41,1
4800,7.0,70,4.9,1
4801,6.8,15,4.49,1
4802,7.9,44,4.81,1
4803,7.9,55,4.7,1
4804,7.8,4,4.72,1
4805,7.4,184,4.77,1
4806,7.9,145,4.5,1
4807,7.2,149,4.97,1
4808,6.7,178,4.18,1
4809,6.9,150,4.66,1
4810,7.0,15,4.21,1
4811,7.0,192,4.88,1
4812,7.0,176,4.75,1
4813,7.9,36,4.77,1
4814,7.3,77,4.34,1
4815,7.2,181,4.7,1
4816,7.7,194,4.51,1
4817,6.8,56,4.61,1
4818,7.1,18,4.69,1
4819,7.6,97,4.8,1
4820,7.0,184,4.15,1
4821,7.9,142,4.71,1
4822,7.2,62,4.56,1
4823,7.1,46,4.59,1
4824,6.7,36,4.61,1
4825,7.9,46,4.25,1
4826,7.5,121,4.39,1
4827,7.8,7,4.53,1
4828,7.8,144,4.65,1
4829,7.0,154,4.38,1
4830,6.9,30,4.8,1
4831,7.9,154,4.79,1
4832,7.8,47,4.23,1
4833,7.6,44,4.9,1
4834,6.9,89,4.28,1
4835,7.2,187,4.37,1
4836,6.7,155,4.62,1
4837,6.7,134,4.4,1
4838,7.3,85,4.3,1
4839,7.3,18,4.51,1
4840,6.7,122,4.85,1
4841,6.7,3,4.62,1
4842,7.5,142,4.72,1
4843,6.8,93,4.17,1
4844,6.9,163,4.17,1
4845,7.1,13,4.67,1
4846,6.8,3,4.79,1
4847,7.3,13,4.77,1
4848,7.5,16,4.66,1
4849,7.6,192,4.16,1
4850,7.7,62,4.67,1
4851,7.6,38,4.95,1
4852,7.1,142,4.67,1
4853,7.7,138,4.89,1
4854,7.0,96,4.44,1
4855,7.7,105,4.19,1
4856,7.5,136,4.3,1
4857,7.3,187,4.26,1
4858,6.8,39,4.83,1
4859,7.6,175,4.69,1
4860,6.8,170,4.22,1
4861,7.7,40,4.59,1
4862,7.9,80,4.4,1
4863,7.6,191,4.74,1
4864,7.7,26,4.47,1
4865,7.0,83,4.53,1
4866,7.1,95,4.66,1
4867,7.5,34,4.52,1
4868,6.8,121,4.16,1
4869,6.9,137,4.66,1
4870,7.0,94,4.49,1
4871,7.0,62,4.21,1
4872,7.3,190,4.6,1
4873,7.6,89,4.4,1
4874,7.2,183,4.69,1
4875,7.4,185,4.67,1
4876,7.4,147,4.32,1
4877,7.5,107,4.84,1
4878,7.3,163,4.56,1
4879,6.7,110,4.28,1
4880,7.5,114,4.32,1
4881,6.8,30,4.5,1
4882,6.8,136,4.28,1
4883,7.6,47,4.86,1
4884,7.7,132,4.3,1
4885,7.6,58,4.31,1
4886,7.3,45,4.45,1
4887,6.8,49,4.42,1
4888,7.6,165,4.86,1
4889,7.1,96,4.44,1
4890,6.8,128,4.79,1
4891,7.1,53,4.77,1
4892,6.8,72,4.86,1
4893,7.4,60,4.73,1
4894,7.4,43,4.4,1
4895,6.8,146,4.58,1
4896,6.9,172,4.52,1
4897,7.8,80,4.35,1
4898,7.3,0,4.69,1
4899,6.8,149,4.81,1
4900,7.8,130,4.85,1
4901,7.9,93,4.74,1
4902,7.1,65,4.89,1
4903,7.9,144,4.19,1
4904,7.1,94,4.39,1
4905,7.6,63,4.19,1
4906,7.1,32,4.3,1
4907,7.4,146,4.5,1
4908,6.9,177,4.75,1
4909,7.3,169,4.62,1
4910,7.3,82,4.73,1
4911,7.5,109,4.41,1
4912,7.2,54,4.45,1
4913,7.5,35,4.29,1
4914,7.7,114,4.35,1
4915,7.9,14,4.55,1
4916,7.6,20,4.6,1
4917,6.7,171,4.91,1
4918,6.9,71,4.95,1
4919,7.4,141,4.27,1
4920,7.8,180,4.41,1
4921,7.9,163,4.56,1
4922,7.6,10,4.32,1
4923,6.8,152,4.26,1
4924,7.7,195,4.76,1
4925,6.9,71,4.77,1
4926,6.9,16,4.8,1
4927,7.7,114,4.21,1
4928,7.1,161,4.99,1
4929,7.4,136,4.75,1
4930,7.7,147,4.61,1
4931,6.9,129,4.67,1
4932,7.3,120,4.9,1
4933,7.5,83,4.51,1
4934,6.9,124,4.4,1
4935,7.4,124,4.31,1
4936,6.9,113,4.47,1
4937,7.0,152,4.82,1
4938,6.9,149,4.5,1
4939,6.9,109,4.92,1
4940,7.6,59,4.18,1
4941,7.4,116,4.91,1
4942,7.2,109,4.93,1
4943,6.7,84,4.65,1
4944,7.4,187,4.64,1
4945,7.1,16,4.88,1
4946,7.3,139,4.93,1
4947,6.9,104,4.2,1
4948,6.8,176,4.48,1
4949,7.9,141,4.97,1
4950,7.7,61,4.94,1
4951,7.4,138,4.91,1
4952,7.8,13,4.79,1
4953,6.8,68,4.24,1
4954,6.7,112,4.43,1
4955,7.3,177,4.67,1
4956,7.6,52,4.88,1
4957,7.2,122,4.84,1
4958,7.8,142,4.82,1
4959,6.8,36,4.87,1
4960,7.1,159,4.33,1
4961,7.2,125,4.33,1
4962,7.9,77,4.22,1
4963,7.5,176,4.71,1
4964,7.8,20,4.69,1
4965,7.4,83,4.4,1
4966,7.8,161,4.89,1
4967,6.8,71,4.5,1
4968,7.7,101,4.82,1
4969,7.4,193,4.28,1
4970,7.2,67,4.55,1
4971,7.3,131,4.79,1
4972,7.0,97,4.64,1
4973,7.6,158,4.6,1
4974,7.9,135,4.96,1
4975,7.6,138,4.5,1
4976,7.1,147,4.31,1
4977,6.8,25,4.42,1
4978,7.7,189,4.29,1
4979,7.2,142,4.17,1
4980,7.5,97,4.6,1
4981,6.7,131,4.8,1
4982,7.9,2,4.92,1
4983,7.4,79,4.28,1
4984,7.1,136,4.58,1
4985,6.7,127,4.58,1
4986,7.7,136,4.2,1
4987,7.9,191,4.27,1
4988,6.8,93,4.64,1
4989,7.5,61,4.89,1
4990,7.5,1,4.6,1
4991,7.8,26,4.5,1
4992,7.9,40,4.77,1
4993,7.9,170,4.37,1
4994,6.7,182,4.23,1
4995,7.6,145,4.28,1
4996,7.2,38,4.77,1
4997,7.7,76,4.21,1
4998,6.7,191,4.32,1
4999,6.8,64,4.81,1
